ARM GAS  C:\Users\VICTUS\AppData\Local\Temp\ccpxTj10.s 			page 1


   1              		.cpu cortex-m4
   2              		.arch armv7e-m
   3              		.fpu fpv4-sp-d16
   4              		.eabi_attribute 27, 1
   5              		.eabi_attribute 28, 1
   6              		.eabi_attribute 20, 1
   7              		.eabi_attribute 21, 1
   8              		.eabi_attribute 23, 3
   9              		.eabi_attribute 24, 1
  10              		.eabi_attribute 25, 1
  11              		.eabi_attribute 26, 1
  12              		.eabi_attribute 30, 1
  13              		.eabi_attribute 34, 1
  14              		.eabi_attribute 18, 4
  15              		.file	"init_LB2_hw.c"
  16              		.text
  17              	.Ltext0:
  18              		.cfi_sections	.debug_frame
  19              		.file 1 "Core/Src/init_LB2_hw.c"
  20              		.section	.text.SysTick_Handler,"ax",%progbits
  21              		.align	1
  22              		.global	SysTick_Handler
  23              		.syntax unified
  24              		.thumb
  25              		.thumb_func
  27              	SysTick_Handler:
  28              	.LFB130:
   1:Core/Src/init_LB2_hw.c **** #include "init_LB2_hw.h"
   2:Core/Src/init_LB2_hw.c **** 
   3:Core/Src/init_LB2_hw.c **** /* ===================== ТАБЛИЦА ЧАСТОТ ===================== */
   4:Core/Src/init_LB2_hw.c **** 
   5:Core/Src/init_LB2_hw.c **** static const uint32_t g_blinkHalfPeriods[3] = {1667U, 333U, 227U};
   6:Core/Src/init_LB2_hw.c **** 
   7:Core/Src/init_LB2_hw.c **** /* ===================== ГЛОБАЛЬНЫЕ ПЕРЕМЕННЫЕ ===================== */
   8:Core/Src/init_LB2_hw.c **** 
   9:Core/Src/init_LB2_hw.c **** volatile uint32_t g_ms = 0;
  10:Core/Src/init_LB2_hw.c **** 
  11:Core/Src/init_LB2_hw.c **** volatile uint32_t g_btn_last_irq_ms    = 0;
  12:Core/Src/init_LB2_hw.c **** volatile uint8_t  g_btn_press_event    = 0;
  13:Core/Src/init_LB2_hw.c **** volatile uint8_t  g_btn_release_event  = 0;
  14:Core/Src/init_LB2_hw.c **** volatile uint8_t  g_btn_is_pressed     = 0;
  15:Core/Src/init_LB2_hw.c **** volatile uint32_t g_btn_press_start_ms = 0;
  16:Core/Src/init_LB2_hw.c **** 
  17:Core/Src/init_LB2_hw.c **** /* MCU Viewer */
  18:Core/Src/init_LB2_hw.c **** volatile uint32_t mcu_btn_press_count    = 0;
  19:Core/Src/init_LB2_hw.c **** volatile uint32_t mcu_action_short_count = 0;
  20:Core/Src/init_LB2_hw.c **** volatile uint32_t mcu_action_2s_count    = 0;
  21:Core/Src/init_LB2_hw.c **** volatile uint32_t mcu_action_4s_count    = 0;
  22:Core/Src/init_LB2_hw.c **** 
  23:Core/Src/init_LB2_hw.c **** /* LEDs */
  24:Core/Src/init_LB2_hw.c **** volatile int      currentLed       = -1;
  25:Core/Src/init_LB2_hw.c **** volatile uint8_t  blinkModeEnabled = 1;
  26:Core/Src/init_LB2_hw.c **** volatile uint8_t  blinkFreqIndex   = 0;
  27:Core/Src/init_LB2_hw.c **** volatile uint8_t  blinkLedIsOn     = 0;
  28:Core/Src/init_LB2_hw.c **** volatile uint32_t lastBlinkTime_ms = 0;
  29:Core/Src/init_LB2_hw.c **** 
  30:Core/Src/init_LB2_hw.c **** /* ===================== SysTick ===================== */
ARM GAS  C:\Users\VICTUS\AppData\Local\Temp\ccpxTj10.s 			page 2


  31:Core/Src/init_LB2_hw.c **** 
  32:Core/Src/init_LB2_hw.c **** void SysTick_Handler(void)
  33:Core/Src/init_LB2_hw.c **** {
  29              		.loc 1 33 1 view -0
  30              		.cfi_startproc
  31              		@ args = 0, pretend = 0, frame = 0
  32              		@ frame_needed = 0, uses_anonymous_args = 0
  33              		@ link register save eliminated.
  34:Core/Src/init_LB2_hw.c ****     g_ms++;
  34              		.loc 1 34 5 view .LVU1
  35              		.loc 1 34 9 is_stmt 0 view .LVU2
  36 0000 024A     		ldr	r2, .L2
  37 0002 1368     		ldr	r3, [r2]
  38 0004 0133     		adds	r3, r3, #1
  39 0006 1360     		str	r3, [r2]
  35:Core/Src/init_LB2_hw.c **** }
  40              		.loc 1 35 1 view .LVU3
  41 0008 7047     		bx	lr
  42              	.L3:
  43 000a 00BF     		.align	2
  44              	.L2:
  45 000c 00000000 		.word	g_ms
  46              		.cfi_endproc
  47              	.LFE130:
  49              		.section	.text.EXTI2_IRQHandler,"ax",%progbits
  50              		.align	1
  51              		.global	EXTI2_IRQHandler
  52              		.syntax unified
  53              		.thumb
  54              		.thumb_func
  56              	EXTI2_IRQHandler:
  57              	.LFB131:
  36:Core/Src/init_LB2_hw.c **** 
  37:Core/Src/init_LB2_hw.c **** /* ===================== EXTI ===================== */
  38:Core/Src/init_LB2_hw.c **** 
  39:Core/Src/init_LB2_hw.c **** void EXTI2_IRQHandler(void)
  40:Core/Src/init_LB2_hw.c **** {
  58              		.loc 1 40 1 is_stmt 1 view -0
  59              		.cfi_startproc
  60              		@ args = 0, pretend = 0, frame = 0
  61              		@ frame_needed = 0, uses_anonymous_args = 0
  62              		@ link register save eliminated.
  41:Core/Src/init_LB2_hw.c ****     if (READ_BIT(EXTI->PR, EXTI_PR_PR2))
  63              		.loc 1 41 5 view .LVU5
  64              		.loc 1 41 9 is_stmt 0 view .LVU6
  65 0000 114B     		ldr	r3, .L8
  66 0002 5B69     		ldr	r3, [r3, #20]
  67              		.loc 1 41 8 view .LVU7
  68 0004 13F0040F 		tst	r3, #4
  69 0008 19D0     		beq	.L4
  70              	.LBB4:
  42:Core/Src/init_LB2_hw.c ****     {
  43:Core/Src/init_LB2_hw.c ****         uint32_t now = g_ms;
  71              		.loc 1 43 9 is_stmt 1 view .LVU8
  72              		.loc 1 43 18 is_stmt 0 view .LVU9
  73 000a 104B     		ldr	r3, .L8+4
  74 000c 1A68     		ldr	r2, [r3]
ARM GAS  C:\Users\VICTUS\AppData\Local\Temp\ccpxTj10.s 			page 3


  75              	.LVL0:
  44:Core/Src/init_LB2_hw.c **** 
  45:Core/Src/init_LB2_hw.c ****         if ((now - g_btn_last_irq_ms) >= BTN_DEBOUNCE_MS)
  76              		.loc 1 45 9 is_stmt 1 view .LVU10
  77              		.loc 1 45 18 is_stmt 0 view .LVU11
  78 000e 104B     		ldr	r3, .L8+8
  79 0010 1B68     		ldr	r3, [r3]
  80 0012 D31A     		subs	r3, r2, r3
  81              		.loc 1 45 12 view .LVU12
  82 0014 632B     		cmp	r3, #99
  83 0016 0DD9     		bls	.L6
  46:Core/Src/init_LB2_hw.c ****         {
  47:Core/Src/init_LB2_hw.c ****             g_btn_last_irq_ms = now;
  84              		.loc 1 47 13 is_stmt 1 view .LVU13
  85              		.loc 1 47 31 is_stmt 0 view .LVU14
  86 0018 0D4B     		ldr	r3, .L8+8
  87 001a 1A60     		str	r2, [r3]
  48:Core/Src/init_LB2_hw.c **** 
  49:Core/Src/init_LB2_hw.c ****             if (READ_BIT(GPIOD->IDR, GPIO_IDR_IDR_2))
  88              		.loc 1 49 13 is_stmt 1 view .LVU15
  89              		.loc 1 49 17 is_stmt 0 view .LVU16
  90 001c 0D4B     		ldr	r3, .L8+12
  91 001e 1B69     		ldr	r3, [r3, #16]
  92              		.loc 1 49 16 view .LVU17
  93 0020 13F0040F 		tst	r3, #4
  94 0024 0CD0     		beq	.L7
  50:Core/Src/init_LB2_hw.c ****             {
  51:Core/Src/init_LB2_hw.c ****                 g_btn_press_event = 1;
  95              		.loc 1 51 17 is_stmt 1 view .LVU18
  96              		.loc 1 51 35 is_stmt 0 view .LVU19
  97 0026 0C4B     		ldr	r3, .L8+16
  98 0028 0122     		movs	r2, #1
  99              	.LVL1:
 100              		.loc 1 51 35 view .LVU20
 101 002a 1A70     		strb	r2, [r3]
 102              	.LVL2:
  52:Core/Src/init_LB2_hw.c ****                 mcu_btn_press_count++;
 103              		.loc 1 52 17 is_stmt 1 view .LVU21
 104              		.loc 1 52 36 is_stmt 0 view .LVU22
 105 002c 0B4A     		ldr	r2, .L8+20
 106 002e 1368     		ldr	r3, [r2]
 107 0030 0133     		adds	r3, r3, #1
 108 0032 1360     		str	r3, [r2]
 109              	.L6:
  53:Core/Src/init_LB2_hw.c ****             }
  54:Core/Src/init_LB2_hw.c ****             else
  55:Core/Src/init_LB2_hw.c ****             {
  56:Core/Src/init_LB2_hw.c ****                 g_btn_release_event = 1;
  57:Core/Src/init_LB2_hw.c ****             }
  58:Core/Src/init_LB2_hw.c ****         }
  59:Core/Src/init_LB2_hw.c ****         SET_BIT(EXTI->PR, EXTI_PR_PR2);
 110              		.loc 1 59 9 is_stmt 1 view .LVU23
 111 0034 044A     		ldr	r2, .L8
 112 0036 5369     		ldr	r3, [r2, #20]
 113 0038 43F00403 		orr	r3, r3, #4
 114 003c 5361     		str	r3, [r2, #20]
 115              	.LVL3:
ARM GAS  C:\Users\VICTUS\AppData\Local\Temp\ccpxTj10.s 			page 4


 116              	.L4:
 117              		.loc 1 59 9 is_stmt 0 view .LVU24
 118              	.LBE4:
  60:Core/Src/init_LB2_hw.c ****     }
  61:Core/Src/init_LB2_hw.c **** }
 119              		.loc 1 61 1 view .LVU25
 120 003e 7047     		bx	lr
 121              	.LVL4:
 122              	.L7:
 123              	.LBB5:
  56:Core/Src/init_LB2_hw.c ****             }
 124              		.loc 1 56 17 is_stmt 1 view .LVU26
  56:Core/Src/init_LB2_hw.c ****             }
 125              		.loc 1 56 37 is_stmt 0 view .LVU27
 126 0040 074B     		ldr	r3, .L8+24
 127 0042 0122     		movs	r2, #1
 128              	.LVL5:
  56:Core/Src/init_LB2_hw.c ****             }
 129              		.loc 1 56 37 view .LVU28
 130 0044 1A70     		strb	r2, [r3]
 131              	.LVL6:
  56:Core/Src/init_LB2_hw.c ****             }
 132              		.loc 1 56 37 view .LVU29
 133 0046 F5E7     		b	.L6
 134              	.L9:
 135              		.align	2
 136              	.L8:
 137 0048 003C0140 		.word	1073822720
 138 004c 00000000 		.word	g_ms
 139 0050 00000000 		.word	g_btn_last_irq_ms
 140 0054 000C0240 		.word	1073875968
 141 0058 00000000 		.word	g_btn_press_event
 142 005c 00000000 		.word	mcu_btn_press_count
 143 0060 00000000 		.word	g_btn_release_event
 144              	.LBE5:
 145              		.cfi_endproc
 146              	.LFE131:
 148              		.section	.text.LED_On_Index,"ax",%progbits
 149              		.align	1
 150              		.global	LED_On_Index
 151              		.syntax unified
 152              		.thumb
 153              		.thumb_func
 155              	LED_On_Index:
 156              	.LVL7:
 157              	.LFB132:
  62:Core/Src/init_LB2_hw.c **** 
  63:Core/Src/init_LB2_hw.c **** /* ===================== LED ===================== */
  64:Core/Src/init_LB2_hw.c **** 
  65:Core/Src/init_LB2_hw.c **** void LED_On_Index(int n)
  66:Core/Src/init_LB2_hw.c **** {
 158              		.loc 1 66 1 is_stmt 1 view -0
 159              		.cfi_startproc
 160              		@ args = 0, pretend = 0, frame = 0
 161              		@ frame_needed = 0, uses_anonymous_args = 0
 162              		@ link register save eliminated.
  67:Core/Src/init_LB2_hw.c ****     switch (n)
ARM GAS  C:\Users\VICTUS\AppData\Local\Temp\ccpxTj10.s 			page 5


 163              		.loc 1 67 5 view .LVU31
 164 0000 0528     		cmp	r0, #5
 165 0002 27D8     		bhi	.L10
 166 0004 DFE800F0 		tbb	[pc, r0]
 167              	.L13:
 168 0008 03       		.byte	(.L18-.L13)/2
 169 0009 09       		.byte	(.L17-.L13)/2
 170 000a 0F       		.byte	(.L16-.L13)/2
 171 000b 15       		.byte	(.L15-.L13)/2
 172 000c 1B       		.byte	(.L14-.L13)/2
 173 000d 21       		.byte	(.L12-.L13)/2
 174              		.p2align 1
 175              	.L18:
  68:Core/Src/init_LB2_hw.c ****     {
  69:Core/Src/init_LB2_hw.c ****         case 0: SET_BIT(GPIOF->BSRR, GPIO_BSRR_BS13); break;
 176              		.loc 1 69 17 view .LVU32
 177 000e 124A     		ldr	r2, .L20
 178 0010 9369     		ldr	r3, [r2, #24]
 179 0012 43F40053 		orr	r3, r3, #8192
 180 0016 9361     		str	r3, [r2, #24]
 181              		.loc 1 69 55 view .LVU33
 182 0018 7047     		bx	lr
 183              	.L17:
  70:Core/Src/init_LB2_hw.c ****         case 1: SET_BIT(GPIOE->BSRR, GPIO_BSRR_BS9);  break;
 184              		.loc 1 70 17 view .LVU34
 185 001a 104A     		ldr	r2, .L20+4
 186 001c 9369     		ldr	r3, [r2, #24]
 187 001e 43F40073 		orr	r3, r3, #512
 188 0022 9361     		str	r3, [r2, #24]
 189              		.loc 1 70 55 view .LVU35
 190 0024 7047     		bx	lr
 191              	.L16:
  71:Core/Src/init_LB2_hw.c ****         case 2: SET_BIT(GPIOE->BSRR, GPIO_BSRR_BS11); break;
 192              		.loc 1 71 17 view .LVU36
 193 0026 0D4A     		ldr	r2, .L20+4
 194 0028 9369     		ldr	r3, [r2, #24]
 195 002a 43F40063 		orr	r3, r3, #2048
 196 002e 9361     		str	r3, [r2, #24]
 197              		.loc 1 71 55 view .LVU37
 198 0030 7047     		bx	lr
 199              	.L15:
  72:Core/Src/init_LB2_hw.c ****         case 3: SET_BIT(GPIOF->BSRR, GPIO_BSRR_BS14); break;
 200              		.loc 1 72 17 view .LVU38
 201 0032 094A     		ldr	r2, .L20
 202 0034 9369     		ldr	r3, [r2, #24]
 203 0036 43F48043 		orr	r3, r3, #16384
 204 003a 9361     		str	r3, [r2, #24]
 205              		.loc 1 72 55 view .LVU39
 206 003c 7047     		bx	lr
 207              	.L14:
  73:Core/Src/init_LB2_hw.c ****         case 4: SET_BIT(GPIOE->BSRR, GPIO_BSRR_BS13); break;
 208              		.loc 1 73 17 view .LVU40
 209 003e 074A     		ldr	r2, .L20+4
 210 0040 9369     		ldr	r3, [r2, #24]
 211 0042 43F40053 		orr	r3, r3, #8192
 212 0046 9361     		str	r3, [r2, #24]
 213              		.loc 1 73 55 view .LVU41
ARM GAS  C:\Users\VICTUS\AppData\Local\Temp\ccpxTj10.s 			page 6


 214 0048 7047     		bx	lr
 215              	.L12:
  74:Core/Src/init_LB2_hw.c ****         case 5: SET_BIT(GPIOF->BSRR, GPIO_BSRR_BS15); break;
 216              		.loc 1 74 17 view .LVU42
 217 004a 034A     		ldr	r2, .L20
 218 004c 9369     		ldr	r3, [r2, #24]
 219 004e 43F40043 		orr	r3, r3, #32768
 220 0052 9361     		str	r3, [r2, #24]
 221              		.loc 1 74 55 view .LVU43
 222              	.L10:
  75:Core/Src/init_LB2_hw.c ****     }
  76:Core/Src/init_LB2_hw.c **** }
 223              		.loc 1 76 1 is_stmt 0 view .LVU44
 224 0054 7047     		bx	lr
 225              	.L21:
 226 0056 00BF     		.align	2
 227              	.L20:
 228 0058 00140240 		.word	1073878016
 229 005c 00100240 		.word	1073876992
 230              		.cfi_endproc
 231              	.LFE132:
 233              		.section	.text.LED_Off_Index,"ax",%progbits
 234              		.align	1
 235              		.global	LED_Off_Index
 236              		.syntax unified
 237              		.thumb
 238              		.thumb_func
 240              	LED_Off_Index:
 241              	.LVL8:
 242              	.LFB133:
  77:Core/Src/init_LB2_hw.c **** 
  78:Core/Src/init_LB2_hw.c **** void LED_Off_Index(int n)
  79:Core/Src/init_LB2_hw.c **** {
 243              		.loc 1 79 1 is_stmt 1 view -0
 244              		.cfi_startproc
 245              		@ args = 0, pretend = 0, frame = 0
 246              		@ frame_needed = 0, uses_anonymous_args = 0
 247              		@ link register save eliminated.
  80:Core/Src/init_LB2_hw.c ****     switch (n)
 248              		.loc 1 80 5 view .LVU46
 249 0000 0528     		cmp	r0, #5
 250 0002 27D8     		bhi	.L22
 251 0004 DFE800F0 		tbb	[pc, r0]
 252              	.L25:
 253 0008 03       		.byte	(.L30-.L25)/2
 254 0009 09       		.byte	(.L29-.L25)/2
 255 000a 0F       		.byte	(.L28-.L25)/2
 256 000b 15       		.byte	(.L27-.L25)/2
 257 000c 1B       		.byte	(.L26-.L25)/2
 258 000d 21       		.byte	(.L24-.L25)/2
 259              		.p2align 1
 260              	.L30:
  81:Core/Src/init_LB2_hw.c ****     {
  82:Core/Src/init_LB2_hw.c ****         case 0: SET_BIT(GPIOF->BSRR, GPIO_BSRR_BR13); break;
 261              		.loc 1 82 17 view .LVU47
 262 000e 124A     		ldr	r2, .L32
 263 0010 9369     		ldr	r3, [r2, #24]
ARM GAS  C:\Users\VICTUS\AppData\Local\Temp\ccpxTj10.s 			page 7


 264 0012 43F00053 		orr	r3, r3, #536870912
 265 0016 9361     		str	r3, [r2, #24]
 266              		.loc 1 82 55 view .LVU48
 267 0018 7047     		bx	lr
 268              	.L29:
  83:Core/Src/init_LB2_hw.c ****         case 1: SET_BIT(GPIOE->BSRR, GPIO_BSRR_BR9);  break;
 269              		.loc 1 83 17 view .LVU49
 270 001a 104A     		ldr	r2, .L32+4
 271 001c 9369     		ldr	r3, [r2, #24]
 272 001e 43F00073 		orr	r3, r3, #33554432
 273 0022 9361     		str	r3, [r2, #24]
 274              		.loc 1 83 55 view .LVU50
 275 0024 7047     		bx	lr
 276              	.L28:
  84:Core/Src/init_LB2_hw.c ****         case 2: SET_BIT(GPIOE->BSRR, GPIO_BSRR_BR11); break;
 277              		.loc 1 84 17 view .LVU51
 278 0026 0D4A     		ldr	r2, .L32+4
 279 0028 9369     		ldr	r3, [r2, #24]
 280 002a 43F00063 		orr	r3, r3, #134217728
 281 002e 9361     		str	r3, [r2, #24]
 282              		.loc 1 84 55 view .LVU52
 283 0030 7047     		bx	lr
 284              	.L27:
  85:Core/Src/init_LB2_hw.c ****         case 3: SET_BIT(GPIOF->BSRR, GPIO_BSRR_BR14); break;
 285              		.loc 1 85 17 view .LVU53
 286 0032 094A     		ldr	r2, .L32
 287 0034 9369     		ldr	r3, [r2, #24]
 288 0036 43F08043 		orr	r3, r3, #1073741824
 289 003a 9361     		str	r3, [r2, #24]
 290              		.loc 1 85 55 view .LVU54
 291 003c 7047     		bx	lr
 292              	.L26:
  86:Core/Src/init_LB2_hw.c ****         case 4: SET_BIT(GPIOE->BSRR, GPIO_BSRR_BR13); break;
 293              		.loc 1 86 17 view .LVU55
 294 003e 074A     		ldr	r2, .L32+4
 295 0040 9369     		ldr	r3, [r2, #24]
 296 0042 43F00053 		orr	r3, r3, #536870912
 297 0046 9361     		str	r3, [r2, #24]
 298              		.loc 1 86 55 view .LVU56
 299 0048 7047     		bx	lr
 300              	.L24:
  87:Core/Src/init_LB2_hw.c ****         case 5: SET_BIT(GPIOF->BSRR, GPIO_BSRR_BR15); break;
 301              		.loc 1 87 17 view .LVU57
 302 004a 034A     		ldr	r2, .L32
 303 004c 9369     		ldr	r3, [r2, #24]
 304 004e 43F00043 		orr	r3, r3, #-2147483648
 305 0052 9361     		str	r3, [r2, #24]
 306              		.loc 1 87 55 view .LVU58
 307              	.L22:
  88:Core/Src/init_LB2_hw.c ****     }
  89:Core/Src/init_LB2_hw.c **** }
 308              		.loc 1 89 1 is_stmt 0 view .LVU59
 309 0054 7047     		bx	lr
 310              	.L33:
 311 0056 00BF     		.align	2
 312              	.L32:
 313 0058 00140240 		.word	1073878016
ARM GAS  C:\Users\VICTUS\AppData\Local\Temp\ccpxTj10.s 			page 8


 314 005c 00100240 		.word	1073876992
 315              		.cfi_endproc
 316              	.LFE133:
 318              		.section	.text.LED_AllOff,"ax",%progbits
 319              		.align	1
 320              		.global	LED_AllOff
 321              		.syntax unified
 322              		.thumb
 323              		.thumb_func
 325              	LED_AllOff:
 326              	.LFB134:
  90:Core/Src/init_LB2_hw.c **** 
  91:Core/Src/init_LB2_hw.c **** void LED_AllOff(void)
  92:Core/Src/init_LB2_hw.c **** {
 327              		.loc 1 92 1 is_stmt 1 view -0
 328              		.cfi_startproc
 329              		@ args = 0, pretend = 0, frame = 0
 330              		@ frame_needed = 0, uses_anonymous_args = 0
 331              		@ link register save eliminated.
  93:Core/Src/init_LB2_hw.c ****     SET_BIT(GPIOF->BSRR, GPIO_BSRR_BR13 | GPIO_BSRR_BR14 | GPIO_BSRR_BR15);
 332              		.loc 1 93 5 view .LVU61
 333 0000 054A     		ldr	r2, .L35
 334 0002 9369     		ldr	r3, [r2, #24]
 335 0004 43F06043 		orr	r3, r3, #-536870912
 336 0008 9361     		str	r3, [r2, #24]
  94:Core/Src/init_LB2_hw.c ****     SET_BIT(GPIOE->BSRR, GPIO_BSRR_BR9  | GPIO_BSRR_BR11 | GPIO_BSRR_BR13);
 337              		.loc 1 94 5 view .LVU62
 338 000a A2F58062 		sub	r2, r2, #1024
 339 000e 9369     		ldr	r3, [r2, #24]
 340 0010 43F02853 		orr	r3, r3, #704643072
 341 0014 9361     		str	r3, [r2, #24]
  95:Core/Src/init_LB2_hw.c **** }
 342              		.loc 1 95 1 is_stmt 0 view .LVU63
 343 0016 7047     		bx	lr
 344              	.L36:
 345              		.align	2
 346              	.L35:
 347 0018 00140240 		.word	1073878016
 348              		.cfi_endproc
 349              	.LFE134:
 351              		.section	.text.LED_Next,"ax",%progbits
 352              		.align	1
 353              		.global	LED_Next
 354              		.syntax unified
 355              		.thumb
 356              		.thumb_func
 358              	LED_Next:
 359              	.LFB135:
  96:Core/Src/init_LB2_hw.c **** 
  97:Core/Src/init_LB2_hw.c **** void LED_Next(void)
  98:Core/Src/init_LB2_hw.c **** {
 360              		.loc 1 98 1 is_stmt 1 view -0
 361              		.cfi_startproc
 362              		@ args = 0, pretend = 0, frame = 0
 363              		@ frame_needed = 0, uses_anonymous_args = 0
 364 0000 08B5     		push	{r3, lr}
 365              	.LCFI0:
ARM GAS  C:\Users\VICTUS\AppData\Local\Temp\ccpxTj10.s 			page 9


 366              		.cfi_def_cfa_offset 8
 367              		.cfi_offset 3, -8
 368              		.cfi_offset 14, -4
  99:Core/Src/init_LB2_hw.c ****     if (currentLed >= 0)
 369              		.loc 1 99 5 view .LVU65
 370              		.loc 1 99 20 is_stmt 0 view .LVU66
 371 0002 104B     		ldr	r3, .L41
 372 0004 1B68     		ldr	r3, [r3]
 373              		.loc 1 99 8 view .LVU67
 374 0006 002B     		cmp	r3, #0
 375 0008 16DA     		bge	.L40
 376              	.L38:
 100:Core/Src/init_LB2_hw.c ****         LED_Off_Index(currentLed);
 101:Core/Src/init_LB2_hw.c **** 
 102:Core/Src/init_LB2_hw.c ****     currentLed = (currentLed + 1) % LED_COUNT;
 377              		.loc 1 102 5 is_stmt 1 view .LVU68
 378              		.loc 1 102 30 is_stmt 0 view .LVU69
 379 000a 0E49     		ldr	r1, .L41
 380 000c 0A68     		ldr	r2, [r1]
 381 000e 0132     		adds	r2, r2, #1
 382              		.loc 1 102 35 view .LVU70
 383 0010 0D4B     		ldr	r3, .L41+4
 384 0012 A3FB0203 		umull	r0, r3, r3, r2
 385 0016 9B08     		lsrs	r3, r3, #2
 386 0018 03EB4303 		add	r3, r3, r3, lsl #1
 387 001c 5800     		lsls	r0, r3, #1
 388 001e 131A     		subs	r3, r2, r0
 389              		.loc 1 102 16 view .LVU71
 390 0020 0B60     		str	r3, [r1]
 103:Core/Src/init_LB2_hw.c **** 
 104:Core/Src/init_LB2_hw.c ****     LED_On_Index(currentLed);
 391              		.loc 1 104 5 is_stmt 1 view .LVU72
 392 0022 0868     		ldr	r0, [r1]
 393 0024 FFF7FEFF 		bl	LED_On_Index
 394              	.LVL9:
 105:Core/Src/init_LB2_hw.c ****     blinkLedIsOn = 1;
 395              		.loc 1 105 5 view .LVU73
 396              		.loc 1 105 18 is_stmt 0 view .LVU74
 397 0028 084B     		ldr	r3, .L41+8
 398 002a 0122     		movs	r2, #1
 399 002c 1A70     		strb	r2, [r3]
 106:Core/Src/init_LB2_hw.c ****     lastBlinkTime_ms = g_ms;
 400              		.loc 1 106 5 is_stmt 1 view .LVU75
 401              		.loc 1 106 22 is_stmt 0 view .LVU76
 402 002e 084B     		ldr	r3, .L41+12
 403 0030 1A68     		ldr	r2, [r3]
 404 0032 084B     		ldr	r3, .L41+16
 405 0034 1A60     		str	r2, [r3]
 107:Core/Src/init_LB2_hw.c **** }
 406              		.loc 1 107 1 view .LVU77
 407 0036 08BD     		pop	{r3, pc}
 408              	.L40:
 100:Core/Src/init_LB2_hw.c **** 
 409              		.loc 1 100 9 is_stmt 1 view .LVU78
 410 0038 024B     		ldr	r3, .L41
 411 003a 1868     		ldr	r0, [r3]
 412 003c FFF7FEFF 		bl	LED_Off_Index
ARM GAS  C:\Users\VICTUS\AppData\Local\Temp\ccpxTj10.s 			page 10


 413              	.LVL10:
 414 0040 E3E7     		b	.L38
 415              	.L42:
 416 0042 00BF     		.align	2
 417              	.L41:
 418 0044 00000000 		.word	currentLed
 419 0048 ABAAAAAA 		.word	-1431655765
 420 004c 00000000 		.word	blinkLedIsOn
 421 0050 00000000 		.word	g_ms
 422 0054 00000000 		.word	lastBlinkTime_ms
 423              		.cfi_endproc
 424              	.LFE135:
 426              		.section	.text.GPIO_Init_LEDs,"ax",%progbits
 427              		.align	1
 428              		.global	GPIO_Init_LEDs
 429              		.syntax unified
 430              		.thumb
 431              		.thumb_func
 433              	GPIO_Init_LEDs:
 434              	.LFB136:
 108:Core/Src/init_LB2_hw.c **** 
 109:Core/Src/init_LB2_hw.c **** /* ===================== INIT ===================== */
 110:Core/Src/init_LB2_hw.c **** 
 111:Core/Src/init_LB2_hw.c **** void GPIO_Init_LEDs(void)
 112:Core/Src/init_LB2_hw.c **** {
 435              		.loc 1 112 1 view -0
 436              		.cfi_startproc
 437              		@ args = 0, pretend = 0, frame = 0
 438              		@ frame_needed = 0, uses_anonymous_args = 0
 439 0000 08B5     		push	{r3, lr}
 440              	.LCFI1:
 441              		.cfi_def_cfa_offset 8
 442              		.cfi_offset 3, -8
 443              		.cfi_offset 14, -4
 113:Core/Src/init_LB2_hw.c ****     SET_BIT(RCC->AHB1ENR, RCC_AHB1ENR_GPIOEEN | RCC_AHB1ENR_GPIOFEN);
 444              		.loc 1 113 5 view .LVU80
 445 0002 0B4A     		ldr	r2, .L45
 446 0004 136B     		ldr	r3, [r2, #48]
 447 0006 43F03003 		orr	r3, r3, #48
 448 000a 1363     		str	r3, [r2, #48]
 114:Core/Src/init_LB2_hw.c **** 
 115:Core/Src/init_LB2_hw.c ****     SET_BIT(GPIOF->MODER, GPIO_MODER_MODER13_0 |
 449              		.loc 1 115 5 view .LVU81
 450 000c A2F51052 		sub	r2, r2, #9216
 451 0010 1368     		ldr	r3, [r2]
 452 0012 43F0A843 		orr	r3, r3, #1409286144
 453 0016 1360     		str	r3, [r2]
 116:Core/Src/init_LB2_hw.c ****                           GPIO_MODER_MODER14_0 |
 117:Core/Src/init_LB2_hw.c ****                           GPIO_MODER_MODER15_0);
 118:Core/Src/init_LB2_hw.c **** 
 119:Core/Src/init_LB2_hw.c ****     SET_BIT(GPIOE->MODER, GPIO_MODER_MODER9_0  |
 454              		.loc 1 119 5 view .LVU82
 455 0018 A2F58062 		sub	r2, r2, #1024
 456 001c 1368     		ldr	r3, [r2]
 457 001e 43F08863 		orr	r3, r3, #71303168
 458 0022 43F48023 		orr	r3, r3, #262144
 459 0026 1360     		str	r3, [r2]
ARM GAS  C:\Users\VICTUS\AppData\Local\Temp\ccpxTj10.s 			page 11


 120:Core/Src/init_LB2_hw.c ****                           GPIO_MODER_MODER11_0 |
 121:Core/Src/init_LB2_hw.c ****                           GPIO_MODER_MODER13_0);
 122:Core/Src/init_LB2_hw.c **** 
 123:Core/Src/init_LB2_hw.c ****     LED_AllOff();
 460              		.loc 1 123 5 view .LVU83
 461 0028 FFF7FEFF 		bl	LED_AllOff
 462              	.LVL11:
 124:Core/Src/init_LB2_hw.c **** }
 463              		.loc 1 124 1 is_stmt 0 view .LVU84
 464 002c 08BD     		pop	{r3, pc}
 465              	.L46:
 466 002e 00BF     		.align	2
 467              	.L45:
 468 0030 00380240 		.word	1073887232
 469              		.cfi_endproc
 470              	.LFE136:
 472              		.section	.text.GPIO_Init_Button_PD2_Pulldown,"ax",%progbits
 473              		.align	1
 474              		.global	GPIO_Init_Button_PD2_Pulldown
 475              		.syntax unified
 476              		.thumb
 477              		.thumb_func
 479              	GPIO_Init_Button_PD2_Pulldown:
 480              	.LFB137:
 125:Core/Src/init_LB2_hw.c **** 
 126:Core/Src/init_LB2_hw.c **** void GPIO_Init_Button_PD2_Pulldown(void)
 127:Core/Src/init_LB2_hw.c **** {
 481              		.loc 1 127 1 is_stmt 1 view -0
 482              		.cfi_startproc
 483              		@ args = 0, pretend = 0, frame = 0
 484              		@ frame_needed = 0, uses_anonymous_args = 0
 485              		@ link register save eliminated.
 128:Core/Src/init_LB2_hw.c ****     SET_BIT(RCC->AHB1ENR, RCC_AHB1ENR_GPIODEN);
 486              		.loc 1 128 5 view .LVU86
 487 0000 094A     		ldr	r2, .L48
 488 0002 136B     		ldr	r3, [r2, #48]
 489 0004 43F00803 		orr	r3, r3, #8
 490 0008 1363     		str	r3, [r2, #48]
 129:Core/Src/init_LB2_hw.c **** 
 130:Core/Src/init_LB2_hw.c ****     CLEAR_BIT(GPIOD->MODER, GPIO_MODER_MODER2);
 491              		.loc 1 130 5 view .LVU87
 492 000a 084B     		ldr	r3, .L48+4
 493 000c 1A68     		ldr	r2, [r3]
 494 000e 22F03002 		bic	r2, r2, #48
 495 0012 1A60     		str	r2, [r3]
 131:Core/Src/init_LB2_hw.c ****     CLEAR_BIT(GPIOD->PUPDR, GPIO_PUPDR_PUPDR2);
 496              		.loc 1 131 5 view .LVU88
 497 0014 DA68     		ldr	r2, [r3, #12]
 498 0016 22F03002 		bic	r2, r2, #48
 499 001a DA60     		str	r2, [r3, #12]
 132:Core/Src/init_LB2_hw.c ****     SET_BIT(GPIOD->PUPDR, GPIO_PUPDR_PUPDR2_1);
 500              		.loc 1 132 5 view .LVU89
 501 001c DA68     		ldr	r2, [r3, #12]
 502 001e 42F02002 		orr	r2, r2, #32
 503 0022 DA60     		str	r2, [r3, #12]
 133:Core/Src/init_LB2_hw.c **** }
 504              		.loc 1 133 1 is_stmt 0 view .LVU90
ARM GAS  C:\Users\VICTUS\AppData\Local\Temp\ccpxTj10.s 			page 12


 505 0024 7047     		bx	lr
 506              	.L49:
 507 0026 00BF     		.align	2
 508              	.L48:
 509 0028 00380240 		.word	1073887232
 510 002c 000C0240 		.word	1073875968
 511              		.cfi_endproc
 512              	.LFE137:
 514              		.section	.text.EXTI_Init_PD2,"ax",%progbits
 515              		.align	1
 516              		.global	EXTI_Init_PD2
 517              		.syntax unified
 518              		.thumb
 519              		.thumb_func
 521              	EXTI_Init_PD2:
 522              	.LFB138:
 134:Core/Src/init_LB2_hw.c **** 
 135:Core/Src/init_LB2_hw.c **** void EXTI_Init_PD2(void)
 136:Core/Src/init_LB2_hw.c **** {
 523              		.loc 1 136 1 is_stmt 1 view -0
 524              		.cfi_startproc
 525              		@ args = 0, pretend = 0, frame = 0
 526              		@ frame_needed = 0, uses_anonymous_args = 0
 527              		@ link register save eliminated.
 137:Core/Src/init_LB2_hw.c ****     SET_BIT(RCC->APB2ENR, RCC_APB2ENR_SYSCFGEN);
 528              		.loc 1 137 5 view .LVU92
 529 0000 114A     		ldr	r2, .L51
 530 0002 536C     		ldr	r3, [r2, #68]
 531 0004 43F48043 		orr	r3, r3, #16384
 532 0008 5364     		str	r3, [r2, #68]
 138:Core/Src/init_LB2_hw.c **** 
 139:Core/Src/init_LB2_hw.c ****     MODIFY_REG(SYSCFG->EXTICR[0],
 533              		.loc 1 139 5 view .LVU93
 534 000a A2F58032 		sub	r2, r2, #65536
 535 000e 9368     		ldr	r3, [r2, #8]
 536 0010 23F47063 		bic	r3, r3, #3840
 537 0014 43F44073 		orr	r3, r3, #768
 538 0018 9360     		str	r3, [r2, #8]
 140:Core/Src/init_LB2_hw.c ****                SYSCFG_EXTICR1_EXTI2,
 141:Core/Src/init_LB2_hw.c ****                SYSCFG_EXTICR1_EXTI2_PD);
 142:Core/Src/init_LB2_hw.c **** 
 143:Core/Src/init_LB2_hw.c ****     SET_BIT(EXTI->IMR, EXTI_IMR_MR2);
 539              		.loc 1 143 5 view .LVU94
 540 001a 0C4B     		ldr	r3, .L51+4
 541 001c 1A68     		ldr	r2, [r3]
 542 001e 42F00402 		orr	r2, r2, #4
 543 0022 1A60     		str	r2, [r3]
 144:Core/Src/init_LB2_hw.c ****     SET_BIT(EXTI->RTSR, EXTI_RTSR_TR2);
 544              		.loc 1 144 5 view .LVU95
 545 0024 9A68     		ldr	r2, [r3, #8]
 546 0026 42F00402 		orr	r2, r2, #4
 547 002a 9A60     		str	r2, [r3, #8]
 145:Core/Src/init_LB2_hw.c ****     SET_BIT(EXTI->FTSR, EXTI_FTSR_TR2);
 548              		.loc 1 145 5 view .LVU96
 549 002c DA68     		ldr	r2, [r3, #12]
 550 002e 42F00402 		orr	r2, r2, #4
 551 0032 DA60     		str	r2, [r3, #12]
ARM GAS  C:\Users\VICTUS\AppData\Local\Temp\ccpxTj10.s 			page 13


 146:Core/Src/init_LB2_hw.c ****     SET_BIT(EXTI->PR, EXTI_PR_PR2);
 552              		.loc 1 146 5 view .LVU97
 553 0034 5A69     		ldr	r2, [r3, #20]
 554 0036 42F00402 		orr	r2, r2, #4
 555 003a 5A61     		str	r2, [r3, #20]
 147:Core/Src/init_LB2_hw.c **** 
 148:Core/Src/init_LB2_hw.c ****     NVIC_EnableIRQ(EXTI2_IRQn);
 556              		.loc 1 148 5 view .LVU98
 557              	.LVL12:
 558              	.LBB6:
 559              	.LBI6:
 560              		.file 2 "CMSIS/Include/../include/core_cm4.h"
   1:CMSIS/Include/../include/core_cm4.h **** /**************************************************************************//**
   2:CMSIS/Include/../include/core_cm4.h ****  * @file     core_cm4.h
   3:CMSIS/Include/../include/core_cm4.h ****  * @brief    CMSIS Cortex-M4 Core Peripheral Access Layer Header File
   4:CMSIS/Include/../include/core_cm4.h ****  * @version  V5.0.8
   5:CMSIS/Include/../include/core_cm4.h ****  * @date     04. June 2018
   6:CMSIS/Include/../include/core_cm4.h ****  ******************************************************************************/
   7:CMSIS/Include/../include/core_cm4.h **** /*
   8:CMSIS/Include/../include/core_cm4.h ****  * Copyright (c) 2009-2018 Arm Limited. All rights reserved.
   9:CMSIS/Include/../include/core_cm4.h ****  *
  10:CMSIS/Include/../include/core_cm4.h ****  * SPDX-License-Identifier: Apache-2.0
  11:CMSIS/Include/../include/core_cm4.h ****  *
  12:CMSIS/Include/../include/core_cm4.h ****  * Licensed under the Apache License, Version 2.0 (the License); you may
  13:CMSIS/Include/../include/core_cm4.h ****  * not use this file except in compliance with the License.
  14:CMSIS/Include/../include/core_cm4.h ****  * You may obtain a copy of the License at
  15:CMSIS/Include/../include/core_cm4.h ****  *
  16:CMSIS/Include/../include/core_cm4.h ****  * www.apache.org/licenses/LICENSE-2.0
  17:CMSIS/Include/../include/core_cm4.h ****  *
  18:CMSIS/Include/../include/core_cm4.h ****  * Unless required by applicable law or agreed to in writing, software
  19:CMSIS/Include/../include/core_cm4.h ****  * distributed under the License is distributed on an AS IS BASIS, WITHOUT
  20:CMSIS/Include/../include/core_cm4.h ****  * WARRANTIES OR CONDITIONS OF ANY KIND, either express or implied.
  21:CMSIS/Include/../include/core_cm4.h ****  * See the License for the specific language governing permissions and
  22:CMSIS/Include/../include/core_cm4.h ****  * limitations under the License.
  23:CMSIS/Include/../include/core_cm4.h ****  */
  24:CMSIS/Include/../include/core_cm4.h **** 
  25:CMSIS/Include/../include/core_cm4.h **** #if   defined ( __ICCARM__ )
  26:CMSIS/Include/../include/core_cm4.h ****   #pragma system_include         /* treat file as system include file for MISRA check */
  27:CMSIS/Include/../include/core_cm4.h **** #elif defined (__clang__)
  28:CMSIS/Include/../include/core_cm4.h ****   #pragma clang system_header   /* treat file as system include file */
  29:CMSIS/Include/../include/core_cm4.h **** #endif
  30:CMSIS/Include/../include/core_cm4.h **** 
  31:CMSIS/Include/../include/core_cm4.h **** #ifndef __CORE_CM4_H_GENERIC
  32:CMSIS/Include/../include/core_cm4.h **** #define __CORE_CM4_H_GENERIC
  33:CMSIS/Include/../include/core_cm4.h **** 
  34:CMSIS/Include/../include/core_cm4.h **** #include <stdint.h>
  35:CMSIS/Include/../include/core_cm4.h **** 
  36:CMSIS/Include/../include/core_cm4.h **** #ifdef __cplusplus
  37:CMSIS/Include/../include/core_cm4.h ****  extern "C" {
  38:CMSIS/Include/../include/core_cm4.h **** #endif
  39:CMSIS/Include/../include/core_cm4.h **** 
  40:CMSIS/Include/../include/core_cm4.h **** /**
  41:CMSIS/Include/../include/core_cm4.h ****   \page CMSIS_MISRA_Exceptions  MISRA-C:2004 Compliance Exceptions
  42:CMSIS/Include/../include/core_cm4.h ****   CMSIS violates the following MISRA-C:2004 rules:
  43:CMSIS/Include/../include/core_cm4.h **** 
  44:CMSIS/Include/../include/core_cm4.h ****    \li Required Rule 8.5, object/function definition in header file.<br>
  45:CMSIS/Include/../include/core_cm4.h ****      Function definitions in header files are used to allow 'inlining'.
ARM GAS  C:\Users\VICTUS\AppData\Local\Temp\ccpxTj10.s 			page 14


  46:CMSIS/Include/../include/core_cm4.h **** 
  47:CMSIS/Include/../include/core_cm4.h ****    \li Required Rule 18.4, declaration of union type or object of union type: '{...}'.<br>
  48:CMSIS/Include/../include/core_cm4.h ****      Unions are used for effective representation of core registers.
  49:CMSIS/Include/../include/core_cm4.h **** 
  50:CMSIS/Include/../include/core_cm4.h ****    \li Advisory Rule 19.7, Function-like macro defined.<br>
  51:CMSIS/Include/../include/core_cm4.h ****      Function-like macros are used to allow more efficient code.
  52:CMSIS/Include/../include/core_cm4.h ****  */
  53:CMSIS/Include/../include/core_cm4.h **** 
  54:CMSIS/Include/../include/core_cm4.h **** 
  55:CMSIS/Include/../include/core_cm4.h **** /*******************************************************************************
  56:CMSIS/Include/../include/core_cm4.h ****  *                 CMSIS definitions
  57:CMSIS/Include/../include/core_cm4.h ****  ******************************************************************************/
  58:CMSIS/Include/../include/core_cm4.h **** /**
  59:CMSIS/Include/../include/core_cm4.h ****   \ingroup Cortex_M4
  60:CMSIS/Include/../include/core_cm4.h ****   @{
  61:CMSIS/Include/../include/core_cm4.h ****  */
  62:CMSIS/Include/../include/core_cm4.h **** 
  63:CMSIS/Include/../include/core_cm4.h **** #include "cmsis_version.h"
  64:CMSIS/Include/../include/core_cm4.h **** 
  65:CMSIS/Include/../include/core_cm4.h **** /* CMSIS CM4 definitions */
  66:CMSIS/Include/../include/core_cm4.h **** #define __CM4_CMSIS_VERSION_MAIN  (__CM_CMSIS_VERSION_MAIN)              /*!< \deprecated [31:16] C
  67:CMSIS/Include/../include/core_cm4.h **** #define __CM4_CMSIS_VERSION_SUB   (__CM_CMSIS_VERSION_SUB)               /*!< \deprecated [15:0]  C
  68:CMSIS/Include/../include/core_cm4.h **** #define __CM4_CMSIS_VERSION       ((__CM4_CMSIS_VERSION_MAIN << 16U) | \
  69:CMSIS/Include/../include/core_cm4.h ****                                     __CM4_CMSIS_VERSION_SUB           )  /*!< \deprecated CMSIS HAL
  70:CMSIS/Include/../include/core_cm4.h **** 
  71:CMSIS/Include/../include/core_cm4.h **** #define __CORTEX_M                (4U)                                   /*!< Cortex-M Core */
  72:CMSIS/Include/../include/core_cm4.h **** 
  73:CMSIS/Include/../include/core_cm4.h **** /** __FPU_USED indicates whether an FPU is used or not.
  74:CMSIS/Include/../include/core_cm4.h ****     For this, __FPU_PRESENT has to be checked prior to making use of FPU specific registers and fun
  75:CMSIS/Include/../include/core_cm4.h **** */
  76:CMSIS/Include/../include/core_cm4.h **** #if defined ( __CC_ARM )
  77:CMSIS/Include/../include/core_cm4.h ****   #if defined __TARGET_FPU_VFP
  78:CMSIS/Include/../include/core_cm4.h ****     #if defined (__FPU_PRESENT) && (__FPU_PRESENT == 1U)
  79:CMSIS/Include/../include/core_cm4.h ****       #define __FPU_USED       1U
  80:CMSIS/Include/../include/core_cm4.h ****     #else
  81:CMSIS/Include/../include/core_cm4.h ****       #error "Compiler generates FPU instructions for a device without an FPU (check __FPU_PRESENT)
  82:CMSIS/Include/../include/core_cm4.h ****       #define __FPU_USED       0U
  83:CMSIS/Include/../include/core_cm4.h ****     #endif
  84:CMSIS/Include/../include/core_cm4.h ****   #else
  85:CMSIS/Include/../include/core_cm4.h ****     #define __FPU_USED         0U
  86:CMSIS/Include/../include/core_cm4.h ****   #endif
  87:CMSIS/Include/../include/core_cm4.h **** 
  88:CMSIS/Include/../include/core_cm4.h **** #elif defined (__ARMCC_VERSION) && (__ARMCC_VERSION >= 6010050)
  89:CMSIS/Include/../include/core_cm4.h ****   #if defined __ARM_PCS_VFP
  90:CMSIS/Include/../include/core_cm4.h ****     #if defined (__FPU_PRESENT) && (__FPU_PRESENT == 1U)
  91:CMSIS/Include/../include/core_cm4.h ****       #define __FPU_USED       1U
  92:CMSIS/Include/../include/core_cm4.h ****     #else
  93:CMSIS/Include/../include/core_cm4.h ****       #warning "Compiler generates FPU instructions for a device without an FPU (check __FPU_PRESEN
  94:CMSIS/Include/../include/core_cm4.h ****       #define __FPU_USED       0U
  95:CMSIS/Include/../include/core_cm4.h ****     #endif
  96:CMSIS/Include/../include/core_cm4.h ****   #else
  97:CMSIS/Include/../include/core_cm4.h ****     #define __FPU_USED         0U
  98:CMSIS/Include/../include/core_cm4.h ****   #endif
  99:CMSIS/Include/../include/core_cm4.h **** 
 100:CMSIS/Include/../include/core_cm4.h **** #elif defined ( __GNUC__ )
 101:CMSIS/Include/../include/core_cm4.h ****   #if defined (__VFP_FP__) && !defined(__SOFTFP__)
 102:CMSIS/Include/../include/core_cm4.h ****     #if defined (__FPU_PRESENT) && (__FPU_PRESENT == 1U)
ARM GAS  C:\Users\VICTUS\AppData\Local\Temp\ccpxTj10.s 			page 15


 103:CMSIS/Include/../include/core_cm4.h ****       #define __FPU_USED       1U
 104:CMSIS/Include/../include/core_cm4.h ****     #else
 105:CMSIS/Include/../include/core_cm4.h ****       #error "Compiler generates FPU instructions for a device without an FPU (check __FPU_PRESENT)
 106:CMSIS/Include/../include/core_cm4.h ****       #define __FPU_USED       0U
 107:CMSIS/Include/../include/core_cm4.h ****     #endif
 108:CMSIS/Include/../include/core_cm4.h ****   #else
 109:CMSIS/Include/../include/core_cm4.h ****     #define __FPU_USED         0U
 110:CMSIS/Include/../include/core_cm4.h ****   #endif
 111:CMSIS/Include/../include/core_cm4.h **** 
 112:CMSIS/Include/../include/core_cm4.h **** #elif defined ( __ICCARM__ )
 113:CMSIS/Include/../include/core_cm4.h ****   #if defined __ARMVFP__
 114:CMSIS/Include/../include/core_cm4.h ****     #if defined (__FPU_PRESENT) && (__FPU_PRESENT == 1U)
 115:CMSIS/Include/../include/core_cm4.h ****       #define __FPU_USED       1U
 116:CMSIS/Include/../include/core_cm4.h ****     #else
 117:CMSIS/Include/../include/core_cm4.h ****       #error "Compiler generates FPU instructions for a device without an FPU (check __FPU_PRESENT)
 118:CMSIS/Include/../include/core_cm4.h ****       #define __FPU_USED       0U
 119:CMSIS/Include/../include/core_cm4.h ****     #endif
 120:CMSIS/Include/../include/core_cm4.h ****   #else
 121:CMSIS/Include/../include/core_cm4.h ****     #define __FPU_USED         0U
 122:CMSIS/Include/../include/core_cm4.h ****   #endif
 123:CMSIS/Include/../include/core_cm4.h **** 
 124:CMSIS/Include/../include/core_cm4.h **** #elif defined ( __TI_ARM__ )
 125:CMSIS/Include/../include/core_cm4.h ****   #if defined __TI_VFP_SUPPORT__
 126:CMSIS/Include/../include/core_cm4.h ****     #if defined (__FPU_PRESENT) && (__FPU_PRESENT == 1U)
 127:CMSIS/Include/../include/core_cm4.h ****       #define __FPU_USED       1U
 128:CMSIS/Include/../include/core_cm4.h ****     #else
 129:CMSIS/Include/../include/core_cm4.h ****       #error "Compiler generates FPU instructions for a device without an FPU (check __FPU_PRESENT)
 130:CMSIS/Include/../include/core_cm4.h ****       #define __FPU_USED       0U
 131:CMSIS/Include/../include/core_cm4.h ****     #endif
 132:CMSIS/Include/../include/core_cm4.h ****   #else
 133:CMSIS/Include/../include/core_cm4.h ****     #define __FPU_USED         0U
 134:CMSIS/Include/../include/core_cm4.h ****   #endif
 135:CMSIS/Include/../include/core_cm4.h **** 
 136:CMSIS/Include/../include/core_cm4.h **** #elif defined ( __TASKING__ )
 137:CMSIS/Include/../include/core_cm4.h ****   #if defined __FPU_VFP__
 138:CMSIS/Include/../include/core_cm4.h ****     #if defined (__FPU_PRESENT) && (__FPU_PRESENT == 1U)
 139:CMSIS/Include/../include/core_cm4.h ****       #define __FPU_USED       1U
 140:CMSIS/Include/../include/core_cm4.h ****     #else
 141:CMSIS/Include/../include/core_cm4.h ****       #error "Compiler generates FPU instructions for a device without an FPU (check __FPU_PRESENT)
 142:CMSIS/Include/../include/core_cm4.h ****       #define __FPU_USED       0U
 143:CMSIS/Include/../include/core_cm4.h ****     #endif
 144:CMSIS/Include/../include/core_cm4.h ****   #else
 145:CMSIS/Include/../include/core_cm4.h ****     #define __FPU_USED         0U
 146:CMSIS/Include/../include/core_cm4.h ****   #endif
 147:CMSIS/Include/../include/core_cm4.h **** 
 148:CMSIS/Include/../include/core_cm4.h **** #elif defined ( __CSMC__ )
 149:CMSIS/Include/../include/core_cm4.h ****   #if ( __CSMC__ & 0x400U)
 150:CMSIS/Include/../include/core_cm4.h ****     #if defined (__FPU_PRESENT) && (__FPU_PRESENT == 1U)
 151:CMSIS/Include/../include/core_cm4.h ****       #define __FPU_USED       1U
 152:CMSIS/Include/../include/core_cm4.h ****     #else
 153:CMSIS/Include/../include/core_cm4.h ****       #error "Compiler generates FPU instructions for a device without an FPU (check __FPU_PRESENT)
 154:CMSIS/Include/../include/core_cm4.h ****       #define __FPU_USED       0U
 155:CMSIS/Include/../include/core_cm4.h ****     #endif
 156:CMSIS/Include/../include/core_cm4.h ****   #else
 157:CMSIS/Include/../include/core_cm4.h ****     #define __FPU_USED         0U
 158:CMSIS/Include/../include/core_cm4.h ****   #endif
 159:CMSIS/Include/../include/core_cm4.h **** 
ARM GAS  C:\Users\VICTUS\AppData\Local\Temp\ccpxTj10.s 			page 16


 160:CMSIS/Include/../include/core_cm4.h **** #endif
 161:CMSIS/Include/../include/core_cm4.h **** 
 162:CMSIS/Include/../include/core_cm4.h **** #include "cmsis_compiler.h"               /* CMSIS compiler specific defines */
 163:CMSIS/Include/../include/core_cm4.h **** 
 164:CMSIS/Include/../include/core_cm4.h **** 
 165:CMSIS/Include/../include/core_cm4.h **** #ifdef __cplusplus
 166:CMSIS/Include/../include/core_cm4.h **** }
 167:CMSIS/Include/../include/core_cm4.h **** #endif
 168:CMSIS/Include/../include/core_cm4.h **** 
 169:CMSIS/Include/../include/core_cm4.h **** #endif /* __CORE_CM4_H_GENERIC */
 170:CMSIS/Include/../include/core_cm4.h **** 
 171:CMSIS/Include/../include/core_cm4.h **** #ifndef __CMSIS_GENERIC
 172:CMSIS/Include/../include/core_cm4.h **** 
 173:CMSIS/Include/../include/core_cm4.h **** #ifndef __CORE_CM4_H_DEPENDANT
 174:CMSIS/Include/../include/core_cm4.h **** #define __CORE_CM4_H_DEPENDANT
 175:CMSIS/Include/../include/core_cm4.h **** 
 176:CMSIS/Include/../include/core_cm4.h **** #ifdef __cplusplus
 177:CMSIS/Include/../include/core_cm4.h ****  extern "C" {
 178:CMSIS/Include/../include/core_cm4.h **** #endif
 179:CMSIS/Include/../include/core_cm4.h **** 
 180:CMSIS/Include/../include/core_cm4.h **** /* check device defines and use defaults */
 181:CMSIS/Include/../include/core_cm4.h **** #if defined __CHECK_DEVICE_DEFINES
 182:CMSIS/Include/../include/core_cm4.h ****   #ifndef __CM4_REV
 183:CMSIS/Include/../include/core_cm4.h ****     #define __CM4_REV               0x0000U
 184:CMSIS/Include/../include/core_cm4.h ****     #warning "__CM4_REV not defined in device header file; using default!"
 185:CMSIS/Include/../include/core_cm4.h ****   #endif
 186:CMSIS/Include/../include/core_cm4.h **** 
 187:CMSIS/Include/../include/core_cm4.h ****   #ifndef __FPU_PRESENT
 188:CMSIS/Include/../include/core_cm4.h ****     #define __FPU_PRESENT             0U
 189:CMSIS/Include/../include/core_cm4.h ****     #warning "__FPU_PRESENT not defined in device header file; using default!"
 190:CMSIS/Include/../include/core_cm4.h ****   #endif
 191:CMSIS/Include/../include/core_cm4.h **** 
 192:CMSIS/Include/../include/core_cm4.h ****   #ifndef __MPU_PRESENT
 193:CMSIS/Include/../include/core_cm4.h ****     #define __MPU_PRESENT             0U
 194:CMSIS/Include/../include/core_cm4.h ****     #warning "__MPU_PRESENT not defined in device header file; using default!"
 195:CMSIS/Include/../include/core_cm4.h ****   #endif
 196:CMSIS/Include/../include/core_cm4.h **** 
 197:CMSIS/Include/../include/core_cm4.h ****   #ifndef __NVIC_PRIO_BITS
 198:CMSIS/Include/../include/core_cm4.h ****     #define __NVIC_PRIO_BITS          3U
 199:CMSIS/Include/../include/core_cm4.h ****     #warning "__NVIC_PRIO_BITS not defined in device header file; using default!"
 200:CMSIS/Include/../include/core_cm4.h ****   #endif
 201:CMSIS/Include/../include/core_cm4.h **** 
 202:CMSIS/Include/../include/core_cm4.h ****   #ifndef __Vendor_SysTickConfig
 203:CMSIS/Include/../include/core_cm4.h ****     #define __Vendor_SysTickConfig    0U
 204:CMSIS/Include/../include/core_cm4.h ****     #warning "__Vendor_SysTickConfig not defined in device header file; using default!"
 205:CMSIS/Include/../include/core_cm4.h ****   #endif
 206:CMSIS/Include/../include/core_cm4.h **** #endif
 207:CMSIS/Include/../include/core_cm4.h **** 
 208:CMSIS/Include/../include/core_cm4.h **** /* IO definitions (access restrictions to peripheral registers) */
 209:CMSIS/Include/../include/core_cm4.h **** /**
 210:CMSIS/Include/../include/core_cm4.h ****     \defgroup CMSIS_glob_defs CMSIS Global Defines
 211:CMSIS/Include/../include/core_cm4.h **** 
 212:CMSIS/Include/../include/core_cm4.h ****     <strong>IO Type Qualifiers</strong> are used
 213:CMSIS/Include/../include/core_cm4.h ****     \li to specify the access to peripheral variables.
 214:CMSIS/Include/../include/core_cm4.h ****     \li for automatic generation of peripheral register debug information.
 215:CMSIS/Include/../include/core_cm4.h **** */
 216:CMSIS/Include/../include/core_cm4.h **** #ifdef __cplusplus
ARM GAS  C:\Users\VICTUS\AppData\Local\Temp\ccpxTj10.s 			page 17


 217:CMSIS/Include/../include/core_cm4.h ****   #define   __I     volatile             /*!< Defines 'read only' permissions */
 218:CMSIS/Include/../include/core_cm4.h **** #else
 219:CMSIS/Include/../include/core_cm4.h ****   #define   __I     volatile const       /*!< Defines 'read only' permissions */
 220:CMSIS/Include/../include/core_cm4.h **** #endif
 221:CMSIS/Include/../include/core_cm4.h **** #define     __O     volatile             /*!< Defines 'write only' permissions */
 222:CMSIS/Include/../include/core_cm4.h **** #define     __IO    volatile             /*!< Defines 'read / write' permissions */
 223:CMSIS/Include/../include/core_cm4.h **** 
 224:CMSIS/Include/../include/core_cm4.h **** /* following defines should be used for structure members */
 225:CMSIS/Include/../include/core_cm4.h **** #define     __IM     volatile const      /*! Defines 'read only' structure member permissions */
 226:CMSIS/Include/../include/core_cm4.h **** #define     __OM     volatile            /*! Defines 'write only' structure member permissions */
 227:CMSIS/Include/../include/core_cm4.h **** #define     __IOM    volatile            /*! Defines 'read / write' structure member permissions */
 228:CMSIS/Include/../include/core_cm4.h **** 
 229:CMSIS/Include/../include/core_cm4.h **** /*@} end of group Cortex_M4 */
 230:CMSIS/Include/../include/core_cm4.h **** 
 231:CMSIS/Include/../include/core_cm4.h **** 
 232:CMSIS/Include/../include/core_cm4.h **** 
 233:CMSIS/Include/../include/core_cm4.h **** /*******************************************************************************
 234:CMSIS/Include/../include/core_cm4.h ****  *                 Register Abstraction
 235:CMSIS/Include/../include/core_cm4.h ****   Core Register contain:
 236:CMSIS/Include/../include/core_cm4.h ****   - Core Register
 237:CMSIS/Include/../include/core_cm4.h ****   - Core NVIC Register
 238:CMSIS/Include/../include/core_cm4.h ****   - Core SCB Register
 239:CMSIS/Include/../include/core_cm4.h ****   - Core SysTick Register
 240:CMSIS/Include/../include/core_cm4.h ****   - Core Debug Register
 241:CMSIS/Include/../include/core_cm4.h ****   - Core MPU Register
 242:CMSIS/Include/../include/core_cm4.h ****   - Core FPU Register
 243:CMSIS/Include/../include/core_cm4.h ****  ******************************************************************************/
 244:CMSIS/Include/../include/core_cm4.h **** /**
 245:CMSIS/Include/../include/core_cm4.h ****   \defgroup CMSIS_core_register Defines and Type Definitions
 246:CMSIS/Include/../include/core_cm4.h ****   \brief Type definitions and defines for Cortex-M processor based devices.
 247:CMSIS/Include/../include/core_cm4.h **** */
 248:CMSIS/Include/../include/core_cm4.h **** 
 249:CMSIS/Include/../include/core_cm4.h **** /**
 250:CMSIS/Include/../include/core_cm4.h ****   \ingroup    CMSIS_core_register
 251:CMSIS/Include/../include/core_cm4.h ****   \defgroup   CMSIS_CORE  Status and Control Registers
 252:CMSIS/Include/../include/core_cm4.h ****   \brief      Core Register type definitions.
 253:CMSIS/Include/../include/core_cm4.h ****   @{
 254:CMSIS/Include/../include/core_cm4.h ****  */
 255:CMSIS/Include/../include/core_cm4.h **** 
 256:CMSIS/Include/../include/core_cm4.h **** /**
 257:CMSIS/Include/../include/core_cm4.h ****   \brief  Union type to access the Application Program Status Register (APSR).
 258:CMSIS/Include/../include/core_cm4.h ****  */
 259:CMSIS/Include/../include/core_cm4.h **** typedef union
 260:CMSIS/Include/../include/core_cm4.h **** {
 261:CMSIS/Include/../include/core_cm4.h ****   struct
 262:CMSIS/Include/../include/core_cm4.h ****   {
 263:CMSIS/Include/../include/core_cm4.h ****     uint32_t _reserved0:16;              /*!< bit:  0..15  Reserved */
 264:CMSIS/Include/../include/core_cm4.h ****     uint32_t GE:4;                       /*!< bit: 16..19  Greater than or Equal flags */
 265:CMSIS/Include/../include/core_cm4.h ****     uint32_t _reserved1:7;               /*!< bit: 20..26  Reserved */
 266:CMSIS/Include/../include/core_cm4.h ****     uint32_t Q:1;                        /*!< bit:     27  Saturation condition flag */
 267:CMSIS/Include/../include/core_cm4.h ****     uint32_t V:1;                        /*!< bit:     28  Overflow condition code flag */
 268:CMSIS/Include/../include/core_cm4.h ****     uint32_t C:1;                        /*!< bit:     29  Carry condition code flag */
 269:CMSIS/Include/../include/core_cm4.h ****     uint32_t Z:1;                        /*!< bit:     30  Zero condition code flag */
 270:CMSIS/Include/../include/core_cm4.h ****     uint32_t N:1;                        /*!< bit:     31  Negative condition code flag */
 271:CMSIS/Include/../include/core_cm4.h ****   } b;                                   /*!< Structure used for bit  access */
 272:CMSIS/Include/../include/core_cm4.h ****   uint32_t w;                            /*!< Type      used for word access */
 273:CMSIS/Include/../include/core_cm4.h **** } APSR_Type;
ARM GAS  C:\Users\VICTUS\AppData\Local\Temp\ccpxTj10.s 			page 18


 274:CMSIS/Include/../include/core_cm4.h **** 
 275:CMSIS/Include/../include/core_cm4.h **** /* APSR Register Definitions */
 276:CMSIS/Include/../include/core_cm4.h **** #define APSR_N_Pos                         31U                                            /*!< APSR
 277:CMSIS/Include/../include/core_cm4.h **** #define APSR_N_Msk                         (1UL << APSR_N_Pos)                            /*!< APSR
 278:CMSIS/Include/../include/core_cm4.h **** 
 279:CMSIS/Include/../include/core_cm4.h **** #define APSR_Z_Pos                         30U                                            /*!< APSR
 280:CMSIS/Include/../include/core_cm4.h **** #define APSR_Z_Msk                         (1UL << APSR_Z_Pos)                            /*!< APSR
 281:CMSIS/Include/../include/core_cm4.h **** 
 282:CMSIS/Include/../include/core_cm4.h **** #define APSR_C_Pos                         29U                                            /*!< APSR
 283:CMSIS/Include/../include/core_cm4.h **** #define APSR_C_Msk                         (1UL << APSR_C_Pos)                            /*!< APSR
 284:CMSIS/Include/../include/core_cm4.h **** 
 285:CMSIS/Include/../include/core_cm4.h **** #define APSR_V_Pos                         28U                                            /*!< APSR
 286:CMSIS/Include/../include/core_cm4.h **** #define APSR_V_Msk                         (1UL << APSR_V_Pos)                            /*!< APSR
 287:CMSIS/Include/../include/core_cm4.h **** 
 288:CMSIS/Include/../include/core_cm4.h **** #define APSR_Q_Pos                         27U                                            /*!< APSR
 289:CMSIS/Include/../include/core_cm4.h **** #define APSR_Q_Msk                         (1UL << APSR_Q_Pos)                            /*!< APSR
 290:CMSIS/Include/../include/core_cm4.h **** 
 291:CMSIS/Include/../include/core_cm4.h **** #define APSR_GE_Pos                        16U                                            /*!< APSR
 292:CMSIS/Include/../include/core_cm4.h **** #define APSR_GE_Msk                        (0xFUL << APSR_GE_Pos)                         /*!< APSR
 293:CMSIS/Include/../include/core_cm4.h **** 
 294:CMSIS/Include/../include/core_cm4.h **** 
 295:CMSIS/Include/../include/core_cm4.h **** /**
 296:CMSIS/Include/../include/core_cm4.h ****   \brief  Union type to access the Interrupt Program Status Register (IPSR).
 297:CMSIS/Include/../include/core_cm4.h ****  */
 298:CMSIS/Include/../include/core_cm4.h **** typedef union
 299:CMSIS/Include/../include/core_cm4.h **** {
 300:CMSIS/Include/../include/core_cm4.h ****   struct
 301:CMSIS/Include/../include/core_cm4.h ****   {
 302:CMSIS/Include/../include/core_cm4.h ****     uint32_t ISR:9;                      /*!< bit:  0.. 8  Exception number */
 303:CMSIS/Include/../include/core_cm4.h ****     uint32_t _reserved0:23;              /*!< bit:  9..31  Reserved */
 304:CMSIS/Include/../include/core_cm4.h ****   } b;                                   /*!< Structure used for bit  access */
 305:CMSIS/Include/../include/core_cm4.h ****   uint32_t w;                            /*!< Type      used for word access */
 306:CMSIS/Include/../include/core_cm4.h **** } IPSR_Type;
 307:CMSIS/Include/../include/core_cm4.h **** 
 308:CMSIS/Include/../include/core_cm4.h **** /* IPSR Register Definitions */
 309:CMSIS/Include/../include/core_cm4.h **** #define IPSR_ISR_Pos                        0U                                            /*!< IPSR
 310:CMSIS/Include/../include/core_cm4.h **** #define IPSR_ISR_Msk                       (0x1FFUL /*<< IPSR_ISR_Pos*/)                  /*!< IPSR
 311:CMSIS/Include/../include/core_cm4.h **** 
 312:CMSIS/Include/../include/core_cm4.h **** 
 313:CMSIS/Include/../include/core_cm4.h **** /**
 314:CMSIS/Include/../include/core_cm4.h ****   \brief  Union type to access the Special-Purpose Program Status Registers (xPSR).
 315:CMSIS/Include/../include/core_cm4.h ****  */
 316:CMSIS/Include/../include/core_cm4.h **** typedef union
 317:CMSIS/Include/../include/core_cm4.h **** {
 318:CMSIS/Include/../include/core_cm4.h ****   struct
 319:CMSIS/Include/../include/core_cm4.h ****   {
 320:CMSIS/Include/../include/core_cm4.h ****     uint32_t ISR:9;                      /*!< bit:  0.. 8  Exception number */
 321:CMSIS/Include/../include/core_cm4.h ****     uint32_t _reserved0:1;               /*!< bit:      9  Reserved */
 322:CMSIS/Include/../include/core_cm4.h ****     uint32_t ICI_IT_1:6;                 /*!< bit: 10..15  ICI/IT part 1 */
 323:CMSIS/Include/../include/core_cm4.h ****     uint32_t GE:4;                       /*!< bit: 16..19  Greater than or Equal flags */
 324:CMSIS/Include/../include/core_cm4.h ****     uint32_t _reserved1:4;               /*!< bit: 20..23  Reserved */
 325:CMSIS/Include/../include/core_cm4.h ****     uint32_t T:1;                        /*!< bit:     24  Thumb bit */
 326:CMSIS/Include/../include/core_cm4.h ****     uint32_t ICI_IT_2:2;                 /*!< bit: 25..26  ICI/IT part 2 */
 327:CMSIS/Include/../include/core_cm4.h ****     uint32_t Q:1;                        /*!< bit:     27  Saturation condition flag */
 328:CMSIS/Include/../include/core_cm4.h ****     uint32_t V:1;                        /*!< bit:     28  Overflow condition code flag */
 329:CMSIS/Include/../include/core_cm4.h ****     uint32_t C:1;                        /*!< bit:     29  Carry condition code flag */
 330:CMSIS/Include/../include/core_cm4.h ****     uint32_t Z:1;                        /*!< bit:     30  Zero condition code flag */
ARM GAS  C:\Users\VICTUS\AppData\Local\Temp\ccpxTj10.s 			page 19


 331:CMSIS/Include/../include/core_cm4.h ****     uint32_t N:1;                        /*!< bit:     31  Negative condition code flag */
 332:CMSIS/Include/../include/core_cm4.h ****   } b;                                   /*!< Structure used for bit  access */
 333:CMSIS/Include/../include/core_cm4.h ****   uint32_t w;                            /*!< Type      used for word access */
 334:CMSIS/Include/../include/core_cm4.h **** } xPSR_Type;
 335:CMSIS/Include/../include/core_cm4.h **** 
 336:CMSIS/Include/../include/core_cm4.h **** /* xPSR Register Definitions */
 337:CMSIS/Include/../include/core_cm4.h **** #define xPSR_N_Pos                         31U                                            /*!< xPSR
 338:CMSIS/Include/../include/core_cm4.h **** #define xPSR_N_Msk                         (1UL << xPSR_N_Pos)                            /*!< xPSR
 339:CMSIS/Include/../include/core_cm4.h **** 
 340:CMSIS/Include/../include/core_cm4.h **** #define xPSR_Z_Pos                         30U                                            /*!< xPSR
 341:CMSIS/Include/../include/core_cm4.h **** #define xPSR_Z_Msk                         (1UL << xPSR_Z_Pos)                            /*!< xPSR
 342:CMSIS/Include/../include/core_cm4.h **** 
 343:CMSIS/Include/../include/core_cm4.h **** #define xPSR_C_Pos                         29U                                            /*!< xPSR
 344:CMSIS/Include/../include/core_cm4.h **** #define xPSR_C_Msk                         (1UL << xPSR_C_Pos)                            /*!< xPSR
 345:CMSIS/Include/../include/core_cm4.h **** 
 346:CMSIS/Include/../include/core_cm4.h **** #define xPSR_V_Pos                         28U                                            /*!< xPSR
 347:CMSIS/Include/../include/core_cm4.h **** #define xPSR_V_Msk                         (1UL << xPSR_V_Pos)                            /*!< xPSR
 348:CMSIS/Include/../include/core_cm4.h **** 
 349:CMSIS/Include/../include/core_cm4.h **** #define xPSR_Q_Pos                         27U                                            /*!< xPSR
 350:CMSIS/Include/../include/core_cm4.h **** #define xPSR_Q_Msk                         (1UL << xPSR_Q_Pos)                            /*!< xPSR
 351:CMSIS/Include/../include/core_cm4.h **** 
 352:CMSIS/Include/../include/core_cm4.h **** #define xPSR_ICI_IT_2_Pos                  25U                                            /*!< xPSR
 353:CMSIS/Include/../include/core_cm4.h **** #define xPSR_ICI_IT_2_Msk                  (3UL << xPSR_ICI_IT_2_Pos)                     /*!< xPSR
 354:CMSIS/Include/../include/core_cm4.h **** 
 355:CMSIS/Include/../include/core_cm4.h **** #define xPSR_T_Pos                         24U                                            /*!< xPSR
 356:CMSIS/Include/../include/core_cm4.h **** #define xPSR_T_Msk                         (1UL << xPSR_T_Pos)                            /*!< xPSR
 357:CMSIS/Include/../include/core_cm4.h **** 
 358:CMSIS/Include/../include/core_cm4.h **** #define xPSR_GE_Pos                        16U                                            /*!< xPSR
 359:CMSIS/Include/../include/core_cm4.h **** #define xPSR_GE_Msk                        (0xFUL << xPSR_GE_Pos)                         /*!< xPSR
 360:CMSIS/Include/../include/core_cm4.h **** 
 361:CMSIS/Include/../include/core_cm4.h **** #define xPSR_ICI_IT_1_Pos                  10U                                            /*!< xPSR
 362:CMSIS/Include/../include/core_cm4.h **** #define xPSR_ICI_IT_1_Msk                  (0x3FUL << xPSR_ICI_IT_1_Pos)                  /*!< xPSR
 363:CMSIS/Include/../include/core_cm4.h **** 
 364:CMSIS/Include/../include/core_cm4.h **** #define xPSR_ISR_Pos                        0U                                            /*!< xPSR
 365:CMSIS/Include/../include/core_cm4.h **** #define xPSR_ISR_Msk                       (0x1FFUL /*<< xPSR_ISR_Pos*/)                  /*!< xPSR
 366:CMSIS/Include/../include/core_cm4.h **** 
 367:CMSIS/Include/../include/core_cm4.h **** 
 368:CMSIS/Include/../include/core_cm4.h **** /**
 369:CMSIS/Include/../include/core_cm4.h ****   \brief  Union type to access the Control Registers (CONTROL).
 370:CMSIS/Include/../include/core_cm4.h ****  */
 371:CMSIS/Include/../include/core_cm4.h **** typedef union
 372:CMSIS/Include/../include/core_cm4.h **** {
 373:CMSIS/Include/../include/core_cm4.h ****   struct
 374:CMSIS/Include/../include/core_cm4.h ****   {
 375:CMSIS/Include/../include/core_cm4.h ****     uint32_t nPRIV:1;                    /*!< bit:      0  Execution privilege in Thread mode */
 376:CMSIS/Include/../include/core_cm4.h ****     uint32_t SPSEL:1;                    /*!< bit:      1  Stack to be used */
 377:CMSIS/Include/../include/core_cm4.h ****     uint32_t FPCA:1;                     /*!< bit:      2  FP extension active flag */
 378:CMSIS/Include/../include/core_cm4.h ****     uint32_t _reserved0:29;              /*!< bit:  3..31  Reserved */
 379:CMSIS/Include/../include/core_cm4.h ****   } b;                                   /*!< Structure used for bit  access */
 380:CMSIS/Include/../include/core_cm4.h ****   uint32_t w;                            /*!< Type      used for word access */
 381:CMSIS/Include/../include/core_cm4.h **** } CONTROL_Type;
 382:CMSIS/Include/../include/core_cm4.h **** 
 383:CMSIS/Include/../include/core_cm4.h **** /* CONTROL Register Definitions */
 384:CMSIS/Include/../include/core_cm4.h **** #define CONTROL_FPCA_Pos                    2U                                            /*!< CONT
 385:CMSIS/Include/../include/core_cm4.h **** #define CONTROL_FPCA_Msk                   (1UL << CONTROL_FPCA_Pos)                      /*!< CONT
 386:CMSIS/Include/../include/core_cm4.h **** 
 387:CMSIS/Include/../include/core_cm4.h **** #define CONTROL_SPSEL_Pos                   1U                                            /*!< CONT
ARM GAS  C:\Users\VICTUS\AppData\Local\Temp\ccpxTj10.s 			page 20


 388:CMSIS/Include/../include/core_cm4.h **** #define CONTROL_SPSEL_Msk                  (1UL << CONTROL_SPSEL_Pos)                     /*!< CONT
 389:CMSIS/Include/../include/core_cm4.h **** 
 390:CMSIS/Include/../include/core_cm4.h **** #define CONTROL_nPRIV_Pos                   0U                                            /*!< CONT
 391:CMSIS/Include/../include/core_cm4.h **** #define CONTROL_nPRIV_Msk                  (1UL /*<< CONTROL_nPRIV_Pos*/)                 /*!< CONT
 392:CMSIS/Include/../include/core_cm4.h **** 
 393:CMSIS/Include/../include/core_cm4.h **** /*@} end of group CMSIS_CORE */
 394:CMSIS/Include/../include/core_cm4.h **** 
 395:CMSIS/Include/../include/core_cm4.h **** 
 396:CMSIS/Include/../include/core_cm4.h **** /**
 397:CMSIS/Include/../include/core_cm4.h ****   \ingroup    CMSIS_core_register
 398:CMSIS/Include/../include/core_cm4.h ****   \defgroup   CMSIS_NVIC  Nested Vectored Interrupt Controller (NVIC)
 399:CMSIS/Include/../include/core_cm4.h ****   \brief      Type definitions for the NVIC Registers
 400:CMSIS/Include/../include/core_cm4.h ****   @{
 401:CMSIS/Include/../include/core_cm4.h ****  */
 402:CMSIS/Include/../include/core_cm4.h **** 
 403:CMSIS/Include/../include/core_cm4.h **** /**
 404:CMSIS/Include/../include/core_cm4.h ****   \brief  Structure type to access the Nested Vectored Interrupt Controller (NVIC).
 405:CMSIS/Include/../include/core_cm4.h ****  */
 406:CMSIS/Include/../include/core_cm4.h **** typedef struct
 407:CMSIS/Include/../include/core_cm4.h **** {
 408:CMSIS/Include/../include/core_cm4.h ****   __IOM uint32_t ISER[8U];               /*!< Offset: 0x000 (R/W)  Interrupt Set Enable Register */
 409:CMSIS/Include/../include/core_cm4.h ****         uint32_t RESERVED0[24U];
 410:CMSIS/Include/../include/core_cm4.h ****   __IOM uint32_t ICER[8U];               /*!< Offset: 0x080 (R/W)  Interrupt Clear Enable Register 
 411:CMSIS/Include/../include/core_cm4.h ****         uint32_t RSERVED1[24U];
 412:CMSIS/Include/../include/core_cm4.h ****   __IOM uint32_t ISPR[8U];               /*!< Offset: 0x100 (R/W)  Interrupt Set Pending Register *
 413:CMSIS/Include/../include/core_cm4.h ****         uint32_t RESERVED2[24U];
 414:CMSIS/Include/../include/core_cm4.h ****   __IOM uint32_t ICPR[8U];               /*!< Offset: 0x180 (R/W)  Interrupt Clear Pending Register
 415:CMSIS/Include/../include/core_cm4.h ****         uint32_t RESERVED3[24U];
 416:CMSIS/Include/../include/core_cm4.h ****   __IOM uint32_t IABR[8U];               /*!< Offset: 0x200 (R/W)  Interrupt Active bit Register */
 417:CMSIS/Include/../include/core_cm4.h ****         uint32_t RESERVED4[56U];
 418:CMSIS/Include/../include/core_cm4.h ****   __IOM uint8_t  IP[240U];               /*!< Offset: 0x300 (R/W)  Interrupt Priority Register (8Bi
 419:CMSIS/Include/../include/core_cm4.h ****         uint32_t RESERVED5[644U];
 420:CMSIS/Include/../include/core_cm4.h ****   __OM  uint32_t STIR;                   /*!< Offset: 0xE00 ( /W)  Software Trigger Interrupt Regis
 421:CMSIS/Include/../include/core_cm4.h **** }  NVIC_Type;
 422:CMSIS/Include/../include/core_cm4.h **** 
 423:CMSIS/Include/../include/core_cm4.h **** /* Software Triggered Interrupt Register Definitions */
 424:CMSIS/Include/../include/core_cm4.h **** #define NVIC_STIR_INTID_Pos                 0U                                         /*!< STIR: I
 425:CMSIS/Include/../include/core_cm4.h **** #define NVIC_STIR_INTID_Msk                (0x1FFUL /*<< NVIC_STIR_INTID_Pos*/)        /*!< STIR: I
 426:CMSIS/Include/../include/core_cm4.h **** 
 427:CMSIS/Include/../include/core_cm4.h **** /*@} end of group CMSIS_NVIC */
 428:CMSIS/Include/../include/core_cm4.h **** 
 429:CMSIS/Include/../include/core_cm4.h **** 
 430:CMSIS/Include/../include/core_cm4.h **** /**
 431:CMSIS/Include/../include/core_cm4.h ****   \ingroup  CMSIS_core_register
 432:CMSIS/Include/../include/core_cm4.h ****   \defgroup CMSIS_SCB     System Control Block (SCB)
 433:CMSIS/Include/../include/core_cm4.h ****   \brief    Type definitions for the System Control Block Registers
 434:CMSIS/Include/../include/core_cm4.h ****   @{
 435:CMSIS/Include/../include/core_cm4.h ****  */
 436:CMSIS/Include/../include/core_cm4.h **** 
 437:CMSIS/Include/../include/core_cm4.h **** /**
 438:CMSIS/Include/../include/core_cm4.h ****   \brief  Structure type to access the System Control Block (SCB).
 439:CMSIS/Include/../include/core_cm4.h ****  */
 440:CMSIS/Include/../include/core_cm4.h **** typedef struct
 441:CMSIS/Include/../include/core_cm4.h **** {
 442:CMSIS/Include/../include/core_cm4.h ****   __IM  uint32_t CPUID;                  /*!< Offset: 0x000 (R/ )  CPUID Base Register */
 443:CMSIS/Include/../include/core_cm4.h ****   __IOM uint32_t ICSR;                   /*!< Offset: 0x004 (R/W)  Interrupt Control and State Regi
 444:CMSIS/Include/../include/core_cm4.h ****   __IOM uint32_t VTOR;                   /*!< Offset: 0x008 (R/W)  Vector Table Offset Register */
ARM GAS  C:\Users\VICTUS\AppData\Local\Temp\ccpxTj10.s 			page 21


 445:CMSIS/Include/../include/core_cm4.h ****   __IOM uint32_t AIRCR;                  /*!< Offset: 0x00C (R/W)  Application Interrupt and Reset 
 446:CMSIS/Include/../include/core_cm4.h ****   __IOM uint32_t SCR;                    /*!< Offset: 0x010 (R/W)  System Control Register */
 447:CMSIS/Include/../include/core_cm4.h ****   __IOM uint32_t CCR;                    /*!< Offset: 0x014 (R/W)  Configuration Control Register *
 448:CMSIS/Include/../include/core_cm4.h ****   __IOM uint8_t  SHP[12U];               /*!< Offset: 0x018 (R/W)  System Handlers Priority Registe
 449:CMSIS/Include/../include/core_cm4.h ****   __IOM uint32_t SHCSR;                  /*!< Offset: 0x024 (R/W)  System Handler Control and State
 450:CMSIS/Include/../include/core_cm4.h ****   __IOM uint32_t CFSR;                   /*!< Offset: 0x028 (R/W)  Configurable Fault Status Regist
 451:CMSIS/Include/../include/core_cm4.h ****   __IOM uint32_t HFSR;                   /*!< Offset: 0x02C (R/W)  HardFault Status Register */
 452:CMSIS/Include/../include/core_cm4.h ****   __IOM uint32_t DFSR;                   /*!< Offset: 0x030 (R/W)  Debug Fault Status Register */
 453:CMSIS/Include/../include/core_cm4.h ****   __IOM uint32_t MMFAR;                  /*!< Offset: 0x034 (R/W)  MemManage Fault Address Register
 454:CMSIS/Include/../include/core_cm4.h ****   __IOM uint32_t BFAR;                   /*!< Offset: 0x038 (R/W)  BusFault Address Register */
 455:CMSIS/Include/../include/core_cm4.h ****   __IOM uint32_t AFSR;                   /*!< Offset: 0x03C (R/W)  Auxiliary Fault Status Register 
 456:CMSIS/Include/../include/core_cm4.h ****   __IM  uint32_t PFR[2U];                /*!< Offset: 0x040 (R/ )  Processor Feature Register */
 457:CMSIS/Include/../include/core_cm4.h ****   __IM  uint32_t DFR;                    /*!< Offset: 0x048 (R/ )  Debug Feature Register */
 458:CMSIS/Include/../include/core_cm4.h ****   __IM  uint32_t ADR;                    /*!< Offset: 0x04C (R/ )  Auxiliary Feature Register */
 459:CMSIS/Include/../include/core_cm4.h ****   __IM  uint32_t MMFR[4U];               /*!< Offset: 0x050 (R/ )  Memory Model Feature Register */
 460:CMSIS/Include/../include/core_cm4.h ****   __IM  uint32_t ISAR[5U];               /*!< Offset: 0x060 (R/ )  Instruction Set Attributes Regis
 461:CMSIS/Include/../include/core_cm4.h ****         uint32_t RESERVED0[5U];
 462:CMSIS/Include/../include/core_cm4.h ****   __IOM uint32_t CPACR;                  /*!< Offset: 0x088 (R/W)  Coprocessor Access Control Regis
 463:CMSIS/Include/../include/core_cm4.h **** } SCB_Type;
 464:CMSIS/Include/../include/core_cm4.h **** 
 465:CMSIS/Include/../include/core_cm4.h **** /* SCB CPUID Register Definitions */
 466:CMSIS/Include/../include/core_cm4.h **** #define SCB_CPUID_IMPLEMENTER_Pos          24U                                            /*!< SCB 
 467:CMSIS/Include/../include/core_cm4.h **** #define SCB_CPUID_IMPLEMENTER_Msk          (0xFFUL << SCB_CPUID_IMPLEMENTER_Pos)          /*!< SCB 
 468:CMSIS/Include/../include/core_cm4.h **** 
 469:CMSIS/Include/../include/core_cm4.h **** #define SCB_CPUID_VARIANT_Pos              20U                                            /*!< SCB 
 470:CMSIS/Include/../include/core_cm4.h **** #define SCB_CPUID_VARIANT_Msk              (0xFUL << SCB_CPUID_VARIANT_Pos)               /*!< SCB 
 471:CMSIS/Include/../include/core_cm4.h **** 
 472:CMSIS/Include/../include/core_cm4.h **** #define SCB_CPUID_ARCHITECTURE_Pos         16U                                            /*!< SCB 
 473:CMSIS/Include/../include/core_cm4.h **** #define SCB_CPUID_ARCHITECTURE_Msk         (0xFUL << SCB_CPUID_ARCHITECTURE_Pos)          /*!< SCB 
 474:CMSIS/Include/../include/core_cm4.h **** 
 475:CMSIS/Include/../include/core_cm4.h **** #define SCB_CPUID_PARTNO_Pos                4U                                            /*!< SCB 
 476:CMSIS/Include/../include/core_cm4.h **** #define SCB_CPUID_PARTNO_Msk               (0xFFFUL << SCB_CPUID_PARTNO_Pos)              /*!< SCB 
 477:CMSIS/Include/../include/core_cm4.h **** 
 478:CMSIS/Include/../include/core_cm4.h **** #define SCB_CPUID_REVISION_Pos              0U                                            /*!< SCB 
 479:CMSIS/Include/../include/core_cm4.h **** #define SCB_CPUID_REVISION_Msk             (0xFUL /*<< SCB_CPUID_REVISION_Pos*/)          /*!< SCB 
 480:CMSIS/Include/../include/core_cm4.h **** 
 481:CMSIS/Include/../include/core_cm4.h **** /* SCB Interrupt Control State Register Definitions */
 482:CMSIS/Include/../include/core_cm4.h **** #define SCB_ICSR_NMIPENDSET_Pos            31U                                            /*!< SCB 
 483:CMSIS/Include/../include/core_cm4.h **** #define SCB_ICSR_NMIPENDSET_Msk            (1UL << SCB_ICSR_NMIPENDSET_Pos)               /*!< SCB 
 484:CMSIS/Include/../include/core_cm4.h **** 
 485:CMSIS/Include/../include/core_cm4.h **** #define SCB_ICSR_PENDSVSET_Pos             28U                                            /*!< SCB 
 486:CMSIS/Include/../include/core_cm4.h **** #define SCB_ICSR_PENDSVSET_Msk             (1UL << SCB_ICSR_PENDSVSET_Pos)                /*!< SCB 
 487:CMSIS/Include/../include/core_cm4.h **** 
 488:CMSIS/Include/../include/core_cm4.h **** #define SCB_ICSR_PENDSVCLR_Pos             27U                                            /*!< SCB 
 489:CMSIS/Include/../include/core_cm4.h **** #define SCB_ICSR_PENDSVCLR_Msk             (1UL << SCB_ICSR_PENDSVCLR_Pos)                /*!< SCB 
 490:CMSIS/Include/../include/core_cm4.h **** 
 491:CMSIS/Include/../include/core_cm4.h **** #define SCB_ICSR_PENDSTSET_Pos             26U                                            /*!< SCB 
 492:CMSIS/Include/../include/core_cm4.h **** #define SCB_ICSR_PENDSTSET_Msk             (1UL << SCB_ICSR_PENDSTSET_Pos)                /*!< SCB 
 493:CMSIS/Include/../include/core_cm4.h **** 
 494:CMSIS/Include/../include/core_cm4.h **** #define SCB_ICSR_PENDSTCLR_Pos             25U                                            /*!< SCB 
 495:CMSIS/Include/../include/core_cm4.h **** #define SCB_ICSR_PENDSTCLR_Msk             (1UL << SCB_ICSR_PENDSTCLR_Pos)                /*!< SCB 
 496:CMSIS/Include/../include/core_cm4.h **** 
 497:CMSIS/Include/../include/core_cm4.h **** #define SCB_ICSR_ISRPREEMPT_Pos            23U                                            /*!< SCB 
 498:CMSIS/Include/../include/core_cm4.h **** #define SCB_ICSR_ISRPREEMPT_Msk            (1UL << SCB_ICSR_ISRPREEMPT_Pos)               /*!< SCB 
 499:CMSIS/Include/../include/core_cm4.h **** 
 500:CMSIS/Include/../include/core_cm4.h **** #define SCB_ICSR_ISRPENDING_Pos            22U                                            /*!< SCB 
 501:CMSIS/Include/../include/core_cm4.h **** #define SCB_ICSR_ISRPENDING_Msk            (1UL << SCB_ICSR_ISRPENDING_Pos)               /*!< SCB 
ARM GAS  C:\Users\VICTUS\AppData\Local\Temp\ccpxTj10.s 			page 22


 502:CMSIS/Include/../include/core_cm4.h **** 
 503:CMSIS/Include/../include/core_cm4.h **** #define SCB_ICSR_VECTPENDING_Pos           12U                                            /*!< SCB 
 504:CMSIS/Include/../include/core_cm4.h **** #define SCB_ICSR_VECTPENDING_Msk           (0x1FFUL << SCB_ICSR_VECTPENDING_Pos)          /*!< SCB 
 505:CMSIS/Include/../include/core_cm4.h **** 
 506:CMSIS/Include/../include/core_cm4.h **** #define SCB_ICSR_RETTOBASE_Pos             11U                                            /*!< SCB 
 507:CMSIS/Include/../include/core_cm4.h **** #define SCB_ICSR_RETTOBASE_Msk             (1UL << SCB_ICSR_RETTOBASE_Pos)                /*!< SCB 
 508:CMSIS/Include/../include/core_cm4.h **** 
 509:CMSIS/Include/../include/core_cm4.h **** #define SCB_ICSR_VECTACTIVE_Pos             0U                                            /*!< SCB 
 510:CMSIS/Include/../include/core_cm4.h **** #define SCB_ICSR_VECTACTIVE_Msk            (0x1FFUL /*<< SCB_ICSR_VECTACTIVE_Pos*/)       /*!< SCB 
 511:CMSIS/Include/../include/core_cm4.h **** 
 512:CMSIS/Include/../include/core_cm4.h **** /* SCB Vector Table Offset Register Definitions */
 513:CMSIS/Include/../include/core_cm4.h **** #define SCB_VTOR_TBLOFF_Pos                 7U                                            /*!< SCB 
 514:CMSIS/Include/../include/core_cm4.h **** #define SCB_VTOR_TBLOFF_Msk                (0x1FFFFFFUL << SCB_VTOR_TBLOFF_Pos)           /*!< SCB 
 515:CMSIS/Include/../include/core_cm4.h **** 
 516:CMSIS/Include/../include/core_cm4.h **** /* SCB Application Interrupt and Reset Control Register Definitions */
 517:CMSIS/Include/../include/core_cm4.h **** #define SCB_AIRCR_VECTKEY_Pos              16U                                            /*!< SCB 
 518:CMSIS/Include/../include/core_cm4.h **** #define SCB_AIRCR_VECTKEY_Msk              (0xFFFFUL << SCB_AIRCR_VECTKEY_Pos)            /*!< SCB 
 519:CMSIS/Include/../include/core_cm4.h **** 
 520:CMSIS/Include/../include/core_cm4.h **** #define SCB_AIRCR_VECTKEYSTAT_Pos          16U                                            /*!< SCB 
 521:CMSIS/Include/../include/core_cm4.h **** #define SCB_AIRCR_VECTKEYSTAT_Msk          (0xFFFFUL << SCB_AIRCR_VECTKEYSTAT_Pos)        /*!< SCB 
 522:CMSIS/Include/../include/core_cm4.h **** 
 523:CMSIS/Include/../include/core_cm4.h **** #define SCB_AIRCR_ENDIANESS_Pos            15U                                            /*!< SCB 
 524:CMSIS/Include/../include/core_cm4.h **** #define SCB_AIRCR_ENDIANESS_Msk            (1UL << SCB_AIRCR_ENDIANESS_Pos)               /*!< SCB 
 525:CMSIS/Include/../include/core_cm4.h **** 
 526:CMSIS/Include/../include/core_cm4.h **** #define SCB_AIRCR_PRIGROUP_Pos              8U                                            /*!< SCB 
 527:CMSIS/Include/../include/core_cm4.h **** #define SCB_AIRCR_PRIGROUP_Msk             (7UL << SCB_AIRCR_PRIGROUP_Pos)                /*!< SCB 
 528:CMSIS/Include/../include/core_cm4.h **** 
 529:CMSIS/Include/../include/core_cm4.h **** #define SCB_AIRCR_SYSRESETREQ_Pos           2U                                            /*!< SCB 
 530:CMSIS/Include/../include/core_cm4.h **** #define SCB_AIRCR_SYSRESETREQ_Msk          (1UL << SCB_AIRCR_SYSRESETREQ_Pos)             /*!< SCB 
 531:CMSIS/Include/../include/core_cm4.h **** 
 532:CMSIS/Include/../include/core_cm4.h **** #define SCB_AIRCR_VECTCLRACTIVE_Pos         1U                                            /*!< SCB 
 533:CMSIS/Include/../include/core_cm4.h **** #define SCB_AIRCR_VECTCLRACTIVE_Msk        (1UL << SCB_AIRCR_VECTCLRACTIVE_Pos)           /*!< SCB 
 534:CMSIS/Include/../include/core_cm4.h **** 
 535:CMSIS/Include/../include/core_cm4.h **** #define SCB_AIRCR_VECTRESET_Pos             0U                                            /*!< SCB 
 536:CMSIS/Include/../include/core_cm4.h **** #define SCB_AIRCR_VECTRESET_Msk            (1UL /*<< SCB_AIRCR_VECTRESET_Pos*/)           /*!< SCB 
 537:CMSIS/Include/../include/core_cm4.h **** 
 538:CMSIS/Include/../include/core_cm4.h **** /* SCB System Control Register Definitions */
 539:CMSIS/Include/../include/core_cm4.h **** #define SCB_SCR_SEVONPEND_Pos               4U                                            /*!< SCB 
 540:CMSIS/Include/../include/core_cm4.h **** #define SCB_SCR_SEVONPEND_Msk              (1UL << SCB_SCR_SEVONPEND_Pos)                 /*!< SCB 
 541:CMSIS/Include/../include/core_cm4.h **** 
 542:CMSIS/Include/../include/core_cm4.h **** #define SCB_SCR_SLEEPDEEP_Pos               2U                                            /*!< SCB 
 543:CMSIS/Include/../include/core_cm4.h **** #define SCB_SCR_SLEEPDEEP_Msk              (1UL << SCB_SCR_SLEEPDEEP_Pos)                 /*!< SCB 
 544:CMSIS/Include/../include/core_cm4.h **** 
 545:CMSIS/Include/../include/core_cm4.h **** #define SCB_SCR_SLEEPONEXIT_Pos             1U                                            /*!< SCB 
 546:CMSIS/Include/../include/core_cm4.h **** #define SCB_SCR_SLEEPONEXIT_Msk            (1UL << SCB_SCR_SLEEPONEXIT_Pos)               /*!< SCB 
 547:CMSIS/Include/../include/core_cm4.h **** 
 548:CMSIS/Include/../include/core_cm4.h **** /* SCB Configuration Control Register Definitions */
 549:CMSIS/Include/../include/core_cm4.h **** #define SCB_CCR_STKALIGN_Pos                9U                                            /*!< SCB 
 550:CMSIS/Include/../include/core_cm4.h **** #define SCB_CCR_STKALIGN_Msk               (1UL << SCB_CCR_STKALIGN_Pos)                  /*!< SCB 
 551:CMSIS/Include/../include/core_cm4.h **** 
 552:CMSIS/Include/../include/core_cm4.h **** #define SCB_CCR_BFHFNMIGN_Pos               8U                                            /*!< SCB 
 553:CMSIS/Include/../include/core_cm4.h **** #define SCB_CCR_BFHFNMIGN_Msk              (1UL << SCB_CCR_BFHFNMIGN_Pos)                 /*!< SCB 
 554:CMSIS/Include/../include/core_cm4.h **** 
 555:CMSIS/Include/../include/core_cm4.h **** #define SCB_CCR_DIV_0_TRP_Pos               4U                                            /*!< SCB 
 556:CMSIS/Include/../include/core_cm4.h **** #define SCB_CCR_DIV_0_TRP_Msk              (1UL << SCB_CCR_DIV_0_TRP_Pos)                 /*!< SCB 
 557:CMSIS/Include/../include/core_cm4.h **** 
 558:CMSIS/Include/../include/core_cm4.h **** #define SCB_CCR_UNALIGN_TRP_Pos             3U                                            /*!< SCB 
ARM GAS  C:\Users\VICTUS\AppData\Local\Temp\ccpxTj10.s 			page 23


 559:CMSIS/Include/../include/core_cm4.h **** #define SCB_CCR_UNALIGN_TRP_Msk            (1UL << SCB_CCR_UNALIGN_TRP_Pos)               /*!< SCB 
 560:CMSIS/Include/../include/core_cm4.h **** 
 561:CMSIS/Include/../include/core_cm4.h **** #define SCB_CCR_USERSETMPEND_Pos            1U                                            /*!< SCB 
 562:CMSIS/Include/../include/core_cm4.h **** #define SCB_CCR_USERSETMPEND_Msk           (1UL << SCB_CCR_USERSETMPEND_Pos)              /*!< SCB 
 563:CMSIS/Include/../include/core_cm4.h **** 
 564:CMSIS/Include/../include/core_cm4.h **** #define SCB_CCR_NONBASETHRDENA_Pos          0U                                            /*!< SCB 
 565:CMSIS/Include/../include/core_cm4.h **** #define SCB_CCR_NONBASETHRDENA_Msk         (1UL /*<< SCB_CCR_NONBASETHRDENA_Pos*/)        /*!< SCB 
 566:CMSIS/Include/../include/core_cm4.h **** 
 567:CMSIS/Include/../include/core_cm4.h **** /* SCB System Handler Control and State Register Definitions */
 568:CMSIS/Include/../include/core_cm4.h **** #define SCB_SHCSR_USGFAULTENA_Pos          18U                                            /*!< SCB 
 569:CMSIS/Include/../include/core_cm4.h **** #define SCB_SHCSR_USGFAULTENA_Msk          (1UL << SCB_SHCSR_USGFAULTENA_Pos)             /*!< SCB 
 570:CMSIS/Include/../include/core_cm4.h **** 
 571:CMSIS/Include/../include/core_cm4.h **** #define SCB_SHCSR_BUSFAULTENA_Pos          17U                                            /*!< SCB 
 572:CMSIS/Include/../include/core_cm4.h **** #define SCB_SHCSR_BUSFAULTENA_Msk          (1UL << SCB_SHCSR_BUSFAULTENA_Pos)             /*!< SCB 
 573:CMSIS/Include/../include/core_cm4.h **** 
 574:CMSIS/Include/../include/core_cm4.h **** #define SCB_SHCSR_MEMFAULTENA_Pos          16U                                            /*!< SCB 
 575:CMSIS/Include/../include/core_cm4.h **** #define SCB_SHCSR_MEMFAULTENA_Msk          (1UL << SCB_SHCSR_MEMFAULTENA_Pos)             /*!< SCB 
 576:CMSIS/Include/../include/core_cm4.h **** 
 577:CMSIS/Include/../include/core_cm4.h **** #define SCB_SHCSR_SVCALLPENDED_Pos         15U                                            /*!< SCB 
 578:CMSIS/Include/../include/core_cm4.h **** #define SCB_SHCSR_SVCALLPENDED_Msk         (1UL << SCB_SHCSR_SVCALLPENDED_Pos)            /*!< SCB 
 579:CMSIS/Include/../include/core_cm4.h **** 
 580:CMSIS/Include/../include/core_cm4.h **** #define SCB_SHCSR_BUSFAULTPENDED_Pos       14U                                            /*!< SCB 
 581:CMSIS/Include/../include/core_cm4.h **** #define SCB_SHCSR_BUSFAULTPENDED_Msk       (1UL << SCB_SHCSR_BUSFAULTPENDED_Pos)          /*!< SCB 
 582:CMSIS/Include/../include/core_cm4.h **** 
 583:CMSIS/Include/../include/core_cm4.h **** #define SCB_SHCSR_MEMFAULTPENDED_Pos       13U                                            /*!< SCB 
 584:CMSIS/Include/../include/core_cm4.h **** #define SCB_SHCSR_MEMFAULTPENDED_Msk       (1UL << SCB_SHCSR_MEMFAULTPENDED_Pos)          /*!< SCB 
 585:CMSIS/Include/../include/core_cm4.h **** 
 586:CMSIS/Include/../include/core_cm4.h **** #define SCB_SHCSR_USGFAULTPENDED_Pos       12U                                            /*!< SCB 
 587:CMSIS/Include/../include/core_cm4.h **** #define SCB_SHCSR_USGFAULTPENDED_Msk       (1UL << SCB_SHCSR_USGFAULTPENDED_Pos)          /*!< SCB 
 588:CMSIS/Include/../include/core_cm4.h **** 
 589:CMSIS/Include/../include/core_cm4.h **** #define SCB_SHCSR_SYSTICKACT_Pos           11U                                            /*!< SCB 
 590:CMSIS/Include/../include/core_cm4.h **** #define SCB_SHCSR_SYSTICKACT_Msk           (1UL << SCB_SHCSR_SYSTICKACT_Pos)              /*!< SCB 
 591:CMSIS/Include/../include/core_cm4.h **** 
 592:CMSIS/Include/../include/core_cm4.h **** #define SCB_SHCSR_PENDSVACT_Pos            10U                                            /*!< SCB 
 593:CMSIS/Include/../include/core_cm4.h **** #define SCB_SHCSR_PENDSVACT_Msk            (1UL << SCB_SHCSR_PENDSVACT_Pos)               /*!< SCB 
 594:CMSIS/Include/../include/core_cm4.h **** 
 595:CMSIS/Include/../include/core_cm4.h **** #define SCB_SHCSR_MONITORACT_Pos            8U                                            /*!< SCB 
 596:CMSIS/Include/../include/core_cm4.h **** #define SCB_SHCSR_MONITORACT_Msk           (1UL << SCB_SHCSR_MONITORACT_Pos)              /*!< SCB 
 597:CMSIS/Include/../include/core_cm4.h **** 
 598:CMSIS/Include/../include/core_cm4.h **** #define SCB_SHCSR_SVCALLACT_Pos             7U                                            /*!< SCB 
 599:CMSIS/Include/../include/core_cm4.h **** #define SCB_SHCSR_SVCALLACT_Msk            (1UL << SCB_SHCSR_SVCALLACT_Pos)               /*!< SCB 
 600:CMSIS/Include/../include/core_cm4.h **** 
 601:CMSIS/Include/../include/core_cm4.h **** #define SCB_SHCSR_USGFAULTACT_Pos           3U                                            /*!< SCB 
 602:CMSIS/Include/../include/core_cm4.h **** #define SCB_SHCSR_USGFAULTACT_Msk          (1UL << SCB_SHCSR_USGFAULTACT_Pos)             /*!< SCB 
 603:CMSIS/Include/../include/core_cm4.h **** 
 604:CMSIS/Include/../include/core_cm4.h **** #define SCB_SHCSR_BUSFAULTACT_Pos           1U                                            /*!< SCB 
 605:CMSIS/Include/../include/core_cm4.h **** #define SCB_SHCSR_BUSFAULTACT_Msk          (1UL << SCB_SHCSR_BUSFAULTACT_Pos)             /*!< SCB 
 606:CMSIS/Include/../include/core_cm4.h **** 
 607:CMSIS/Include/../include/core_cm4.h **** #define SCB_SHCSR_MEMFAULTACT_Pos           0U                                            /*!< SCB 
 608:CMSIS/Include/../include/core_cm4.h **** #define SCB_SHCSR_MEMFAULTACT_Msk          (1UL /*<< SCB_SHCSR_MEMFAULTACT_Pos*/)         /*!< SCB 
 609:CMSIS/Include/../include/core_cm4.h **** 
 610:CMSIS/Include/../include/core_cm4.h **** /* SCB Configurable Fault Status Register Definitions */
 611:CMSIS/Include/../include/core_cm4.h **** #define SCB_CFSR_USGFAULTSR_Pos            16U                                            /*!< SCB 
 612:CMSIS/Include/../include/core_cm4.h **** #define SCB_CFSR_USGFAULTSR_Msk            (0xFFFFUL << SCB_CFSR_USGFAULTSR_Pos)          /*!< SCB 
 613:CMSIS/Include/../include/core_cm4.h **** 
 614:CMSIS/Include/../include/core_cm4.h **** #define SCB_CFSR_BUSFAULTSR_Pos             8U                                            /*!< SCB 
 615:CMSIS/Include/../include/core_cm4.h **** #define SCB_CFSR_BUSFAULTSR_Msk            (0xFFUL << SCB_CFSR_BUSFAULTSR_Pos)            /*!< SCB 
ARM GAS  C:\Users\VICTUS\AppData\Local\Temp\ccpxTj10.s 			page 24


 616:CMSIS/Include/../include/core_cm4.h **** 
 617:CMSIS/Include/../include/core_cm4.h **** #define SCB_CFSR_MEMFAULTSR_Pos             0U                                            /*!< SCB 
 618:CMSIS/Include/../include/core_cm4.h **** #define SCB_CFSR_MEMFAULTSR_Msk            (0xFFUL /*<< SCB_CFSR_MEMFAULTSR_Pos*/)        /*!< SCB 
 619:CMSIS/Include/../include/core_cm4.h **** 
 620:CMSIS/Include/../include/core_cm4.h **** /* MemManage Fault Status Register (part of SCB Configurable Fault Status Register) */
 621:CMSIS/Include/../include/core_cm4.h **** #define SCB_CFSR_MMARVALID_Pos             (SCB_SHCSR_MEMFAULTACT_Pos + 7U)               /*!< SCB 
 622:CMSIS/Include/../include/core_cm4.h **** #define SCB_CFSR_MMARVALID_Msk             (1UL << SCB_CFSR_MMARVALID_Pos)                /*!< SCB 
 623:CMSIS/Include/../include/core_cm4.h **** 
 624:CMSIS/Include/../include/core_cm4.h **** #define SCB_CFSR_MLSPERR_Pos               (SCB_SHCSR_MEMFAULTACT_Pos + 5U)               /*!< SCB 
 625:CMSIS/Include/../include/core_cm4.h **** #define SCB_CFSR_MLSPERR_Msk               (1UL << SCB_CFSR_MLSPERR_Pos)                  /*!< SCB 
 626:CMSIS/Include/../include/core_cm4.h **** 
 627:CMSIS/Include/../include/core_cm4.h **** #define SCB_CFSR_MSTKERR_Pos               (SCB_SHCSR_MEMFAULTACT_Pos + 4U)               /*!< SCB 
 628:CMSIS/Include/../include/core_cm4.h **** #define SCB_CFSR_MSTKERR_Msk               (1UL << SCB_CFSR_MSTKERR_Pos)                  /*!< SCB 
 629:CMSIS/Include/../include/core_cm4.h **** 
 630:CMSIS/Include/../include/core_cm4.h **** #define SCB_CFSR_MUNSTKERR_Pos             (SCB_SHCSR_MEMFAULTACT_Pos + 3U)               /*!< SCB 
 631:CMSIS/Include/../include/core_cm4.h **** #define SCB_CFSR_MUNSTKERR_Msk             (1UL << SCB_CFSR_MUNSTKERR_Pos)                /*!< SCB 
 632:CMSIS/Include/../include/core_cm4.h **** 
 633:CMSIS/Include/../include/core_cm4.h **** #define SCB_CFSR_DACCVIOL_Pos              (SCB_SHCSR_MEMFAULTACT_Pos + 1U)               /*!< SCB 
 634:CMSIS/Include/../include/core_cm4.h **** #define SCB_CFSR_DACCVIOL_Msk              (1UL << SCB_CFSR_DACCVIOL_Pos)                 /*!< SCB 
 635:CMSIS/Include/../include/core_cm4.h **** 
 636:CMSIS/Include/../include/core_cm4.h **** #define SCB_CFSR_IACCVIOL_Pos              (SCB_SHCSR_MEMFAULTACT_Pos + 0U)               /*!< SCB 
 637:CMSIS/Include/../include/core_cm4.h **** #define SCB_CFSR_IACCVIOL_Msk              (1UL /*<< SCB_CFSR_IACCVIOL_Pos*/)             /*!< SCB 
 638:CMSIS/Include/../include/core_cm4.h **** 
 639:CMSIS/Include/../include/core_cm4.h **** /* BusFault Status Register (part of SCB Configurable Fault Status Register) */
 640:CMSIS/Include/../include/core_cm4.h **** #define SCB_CFSR_BFARVALID_Pos            (SCB_CFSR_BUSFAULTSR_Pos + 7U)                  /*!< SCB 
 641:CMSIS/Include/../include/core_cm4.h **** #define SCB_CFSR_BFARVALID_Msk            (1UL << SCB_CFSR_BFARVALID_Pos)                 /*!< SCB 
 642:CMSIS/Include/../include/core_cm4.h **** 
 643:CMSIS/Include/../include/core_cm4.h **** #define SCB_CFSR_LSPERR_Pos               (SCB_CFSR_BUSFAULTSR_Pos + 5U)                  /*!< SCB 
 644:CMSIS/Include/../include/core_cm4.h **** #define SCB_CFSR_LSPERR_Msk               (1UL << SCB_CFSR_LSPERR_Pos)                    /*!< SCB 
 645:CMSIS/Include/../include/core_cm4.h **** 
 646:CMSIS/Include/../include/core_cm4.h **** #define SCB_CFSR_STKERR_Pos               (SCB_CFSR_BUSFAULTSR_Pos + 4U)                  /*!< SCB 
 647:CMSIS/Include/../include/core_cm4.h **** #define SCB_CFSR_STKERR_Msk               (1UL << SCB_CFSR_STKERR_Pos)                    /*!< SCB 
 648:CMSIS/Include/../include/core_cm4.h **** 
 649:CMSIS/Include/../include/core_cm4.h **** #define SCB_CFSR_UNSTKERR_Pos             (SCB_CFSR_BUSFAULTSR_Pos + 3U)                  /*!< SCB 
 650:CMSIS/Include/../include/core_cm4.h **** #define SCB_CFSR_UNSTKERR_Msk             (1UL << SCB_CFSR_UNSTKERR_Pos)                  /*!< SCB 
 651:CMSIS/Include/../include/core_cm4.h **** 
 652:CMSIS/Include/../include/core_cm4.h **** #define SCB_CFSR_IMPRECISERR_Pos          (SCB_CFSR_BUSFAULTSR_Pos + 2U)                  /*!< SCB 
 653:CMSIS/Include/../include/core_cm4.h **** #define SCB_CFSR_IMPRECISERR_Msk          (1UL << SCB_CFSR_IMPRECISERR_Pos)               /*!< SCB 
 654:CMSIS/Include/../include/core_cm4.h **** 
 655:CMSIS/Include/../include/core_cm4.h **** #define SCB_CFSR_PRECISERR_Pos            (SCB_CFSR_BUSFAULTSR_Pos + 1U)                  /*!< SCB 
 656:CMSIS/Include/../include/core_cm4.h **** #define SCB_CFSR_PRECISERR_Msk            (1UL << SCB_CFSR_PRECISERR_Pos)                 /*!< SCB 
 657:CMSIS/Include/../include/core_cm4.h **** 
 658:CMSIS/Include/../include/core_cm4.h **** #define SCB_CFSR_IBUSERR_Pos              (SCB_CFSR_BUSFAULTSR_Pos + 0U)                  /*!< SCB 
 659:CMSIS/Include/../include/core_cm4.h **** #define SCB_CFSR_IBUSERR_Msk              (1UL << SCB_CFSR_IBUSERR_Pos)                   /*!< SCB 
 660:CMSIS/Include/../include/core_cm4.h **** 
 661:CMSIS/Include/../include/core_cm4.h **** /* UsageFault Status Register (part of SCB Configurable Fault Status Register) */
 662:CMSIS/Include/../include/core_cm4.h **** #define SCB_CFSR_DIVBYZERO_Pos            (SCB_CFSR_USGFAULTSR_Pos + 9U)                  /*!< SCB 
 663:CMSIS/Include/../include/core_cm4.h **** #define SCB_CFSR_DIVBYZERO_Msk            (1UL << SCB_CFSR_DIVBYZERO_Pos)                 /*!< SCB 
 664:CMSIS/Include/../include/core_cm4.h **** 
 665:CMSIS/Include/../include/core_cm4.h **** #define SCB_CFSR_UNALIGNED_Pos            (SCB_CFSR_USGFAULTSR_Pos + 8U)                  /*!< SCB 
 666:CMSIS/Include/../include/core_cm4.h **** #define SCB_CFSR_UNALIGNED_Msk            (1UL << SCB_CFSR_UNALIGNED_Pos)                 /*!< SCB 
 667:CMSIS/Include/../include/core_cm4.h **** 
 668:CMSIS/Include/../include/core_cm4.h **** #define SCB_CFSR_NOCP_Pos                 (SCB_CFSR_USGFAULTSR_Pos + 3U)                  /*!< SCB 
 669:CMSIS/Include/../include/core_cm4.h **** #define SCB_CFSR_NOCP_Msk                 (1UL << SCB_CFSR_NOCP_Pos)                      /*!< SCB 
 670:CMSIS/Include/../include/core_cm4.h **** 
 671:CMSIS/Include/../include/core_cm4.h **** #define SCB_CFSR_INVPC_Pos                (SCB_CFSR_USGFAULTSR_Pos + 2U)                  /*!< SCB 
 672:CMSIS/Include/../include/core_cm4.h **** #define SCB_CFSR_INVPC_Msk                (1UL << SCB_CFSR_INVPC_Pos)                     /*!< SCB 
ARM GAS  C:\Users\VICTUS\AppData\Local\Temp\ccpxTj10.s 			page 25


 673:CMSIS/Include/../include/core_cm4.h **** 
 674:CMSIS/Include/../include/core_cm4.h **** #define SCB_CFSR_INVSTATE_Pos             (SCB_CFSR_USGFAULTSR_Pos + 1U)                  /*!< SCB 
 675:CMSIS/Include/../include/core_cm4.h **** #define SCB_CFSR_INVSTATE_Msk             (1UL << SCB_CFSR_INVSTATE_Pos)                  /*!< SCB 
 676:CMSIS/Include/../include/core_cm4.h **** 
 677:CMSIS/Include/../include/core_cm4.h **** #define SCB_CFSR_UNDEFINSTR_Pos           (SCB_CFSR_USGFAULTSR_Pos + 0U)                  /*!< SCB 
 678:CMSIS/Include/../include/core_cm4.h **** #define SCB_CFSR_UNDEFINSTR_Msk           (1UL << SCB_CFSR_UNDEFINSTR_Pos)                /*!< SCB 
 679:CMSIS/Include/../include/core_cm4.h **** 
 680:CMSIS/Include/../include/core_cm4.h **** /* SCB Hard Fault Status Register Definitions */
 681:CMSIS/Include/../include/core_cm4.h **** #define SCB_HFSR_DEBUGEVT_Pos              31U                                            /*!< SCB 
 682:CMSIS/Include/../include/core_cm4.h **** #define SCB_HFSR_DEBUGEVT_Msk              (1UL << SCB_HFSR_DEBUGEVT_Pos)                 /*!< SCB 
 683:CMSIS/Include/../include/core_cm4.h **** 
 684:CMSIS/Include/../include/core_cm4.h **** #define SCB_HFSR_FORCED_Pos                30U                                            /*!< SCB 
 685:CMSIS/Include/../include/core_cm4.h **** #define SCB_HFSR_FORCED_Msk                (1UL << SCB_HFSR_FORCED_Pos)                   /*!< SCB 
 686:CMSIS/Include/../include/core_cm4.h **** 
 687:CMSIS/Include/../include/core_cm4.h **** #define SCB_HFSR_VECTTBL_Pos                1U                                            /*!< SCB 
 688:CMSIS/Include/../include/core_cm4.h **** #define SCB_HFSR_VECTTBL_Msk               (1UL << SCB_HFSR_VECTTBL_Pos)                  /*!< SCB 
 689:CMSIS/Include/../include/core_cm4.h **** 
 690:CMSIS/Include/../include/core_cm4.h **** /* SCB Debug Fault Status Register Definitions */
 691:CMSIS/Include/../include/core_cm4.h **** #define SCB_DFSR_EXTERNAL_Pos               4U                                            /*!< SCB 
 692:CMSIS/Include/../include/core_cm4.h **** #define SCB_DFSR_EXTERNAL_Msk              (1UL << SCB_DFSR_EXTERNAL_Pos)                 /*!< SCB 
 693:CMSIS/Include/../include/core_cm4.h **** 
 694:CMSIS/Include/../include/core_cm4.h **** #define SCB_DFSR_VCATCH_Pos                 3U                                            /*!< SCB 
 695:CMSIS/Include/../include/core_cm4.h **** #define SCB_DFSR_VCATCH_Msk                (1UL << SCB_DFSR_VCATCH_Pos)                   /*!< SCB 
 696:CMSIS/Include/../include/core_cm4.h **** 
 697:CMSIS/Include/../include/core_cm4.h **** #define SCB_DFSR_DWTTRAP_Pos                2U                                            /*!< SCB 
 698:CMSIS/Include/../include/core_cm4.h **** #define SCB_DFSR_DWTTRAP_Msk               (1UL << SCB_DFSR_DWTTRAP_Pos)                  /*!< SCB 
 699:CMSIS/Include/../include/core_cm4.h **** 
 700:CMSIS/Include/../include/core_cm4.h **** #define SCB_DFSR_BKPT_Pos                   1U                                            /*!< SCB 
 701:CMSIS/Include/../include/core_cm4.h **** #define SCB_DFSR_BKPT_Msk                  (1UL << SCB_DFSR_BKPT_Pos)                     /*!< SCB 
 702:CMSIS/Include/../include/core_cm4.h **** 
 703:CMSIS/Include/../include/core_cm4.h **** #define SCB_DFSR_HALTED_Pos                 0U                                            /*!< SCB 
 704:CMSIS/Include/../include/core_cm4.h **** #define SCB_DFSR_HALTED_Msk                (1UL /*<< SCB_DFSR_HALTED_Pos*/)               /*!< SCB 
 705:CMSIS/Include/../include/core_cm4.h **** 
 706:CMSIS/Include/../include/core_cm4.h **** /*@} end of group CMSIS_SCB */
 707:CMSIS/Include/../include/core_cm4.h **** 
 708:CMSIS/Include/../include/core_cm4.h **** 
 709:CMSIS/Include/../include/core_cm4.h **** /**
 710:CMSIS/Include/../include/core_cm4.h ****   \ingroup  CMSIS_core_register
 711:CMSIS/Include/../include/core_cm4.h ****   \defgroup CMSIS_SCnSCB System Controls not in SCB (SCnSCB)
 712:CMSIS/Include/../include/core_cm4.h ****   \brief    Type definitions for the System Control and ID Register not in the SCB
 713:CMSIS/Include/../include/core_cm4.h ****   @{
 714:CMSIS/Include/../include/core_cm4.h ****  */
 715:CMSIS/Include/../include/core_cm4.h **** 
 716:CMSIS/Include/../include/core_cm4.h **** /**
 717:CMSIS/Include/../include/core_cm4.h ****   \brief  Structure type to access the System Control and ID Register not in the SCB.
 718:CMSIS/Include/../include/core_cm4.h ****  */
 719:CMSIS/Include/../include/core_cm4.h **** typedef struct
 720:CMSIS/Include/../include/core_cm4.h **** {
 721:CMSIS/Include/../include/core_cm4.h ****         uint32_t RESERVED0[1U];
 722:CMSIS/Include/../include/core_cm4.h ****   __IM  uint32_t ICTR;                   /*!< Offset: 0x004 (R/ )  Interrupt Controller Type Regist
 723:CMSIS/Include/../include/core_cm4.h ****   __IOM uint32_t ACTLR;                  /*!< Offset: 0x008 (R/W)  Auxiliary Control Register */
 724:CMSIS/Include/../include/core_cm4.h **** } SCnSCB_Type;
 725:CMSIS/Include/../include/core_cm4.h **** 
 726:CMSIS/Include/../include/core_cm4.h **** /* Interrupt Controller Type Register Definitions */
 727:CMSIS/Include/../include/core_cm4.h **** #define SCnSCB_ICTR_INTLINESNUM_Pos         0U                                         /*!< ICTR: I
 728:CMSIS/Include/../include/core_cm4.h **** #define SCnSCB_ICTR_INTLINESNUM_Msk        (0xFUL /*<< SCnSCB_ICTR_INTLINESNUM_Pos*/)  /*!< ICTR: I
 729:CMSIS/Include/../include/core_cm4.h **** 
ARM GAS  C:\Users\VICTUS\AppData\Local\Temp\ccpxTj10.s 			page 26


 730:CMSIS/Include/../include/core_cm4.h **** /* Auxiliary Control Register Definitions */
 731:CMSIS/Include/../include/core_cm4.h **** #define SCnSCB_ACTLR_DISOOFP_Pos            9U                                         /*!< ACTLR: 
 732:CMSIS/Include/../include/core_cm4.h **** #define SCnSCB_ACTLR_DISOOFP_Msk           (1UL << SCnSCB_ACTLR_DISOOFP_Pos)           /*!< ACTLR: 
 733:CMSIS/Include/../include/core_cm4.h **** 
 734:CMSIS/Include/../include/core_cm4.h **** #define SCnSCB_ACTLR_DISFPCA_Pos            8U                                         /*!< ACTLR: 
 735:CMSIS/Include/../include/core_cm4.h **** #define SCnSCB_ACTLR_DISFPCA_Msk           (1UL << SCnSCB_ACTLR_DISFPCA_Pos)           /*!< ACTLR: 
 736:CMSIS/Include/../include/core_cm4.h **** 
 737:CMSIS/Include/../include/core_cm4.h **** #define SCnSCB_ACTLR_DISFOLD_Pos            2U                                         /*!< ACTLR: 
 738:CMSIS/Include/../include/core_cm4.h **** #define SCnSCB_ACTLR_DISFOLD_Msk           (1UL << SCnSCB_ACTLR_DISFOLD_Pos)           /*!< ACTLR: 
 739:CMSIS/Include/../include/core_cm4.h **** 
 740:CMSIS/Include/../include/core_cm4.h **** #define SCnSCB_ACTLR_DISDEFWBUF_Pos         1U                                         /*!< ACTLR: 
 741:CMSIS/Include/../include/core_cm4.h **** #define SCnSCB_ACTLR_DISDEFWBUF_Msk        (1UL << SCnSCB_ACTLR_DISDEFWBUF_Pos)        /*!< ACTLR: 
 742:CMSIS/Include/../include/core_cm4.h **** 
 743:CMSIS/Include/../include/core_cm4.h **** #define SCnSCB_ACTLR_DISMCYCINT_Pos         0U                                         /*!< ACTLR: 
 744:CMSIS/Include/../include/core_cm4.h **** #define SCnSCB_ACTLR_DISMCYCINT_Msk        (1UL /*<< SCnSCB_ACTLR_DISMCYCINT_Pos*/)    /*!< ACTLR: 
 745:CMSIS/Include/../include/core_cm4.h **** 
 746:CMSIS/Include/../include/core_cm4.h **** /*@} end of group CMSIS_SCnotSCB */
 747:CMSIS/Include/../include/core_cm4.h **** 
 748:CMSIS/Include/../include/core_cm4.h **** 
 749:CMSIS/Include/../include/core_cm4.h **** /**
 750:CMSIS/Include/../include/core_cm4.h ****   \ingroup  CMSIS_core_register
 751:CMSIS/Include/../include/core_cm4.h ****   \defgroup CMSIS_SysTick     System Tick Timer (SysTick)
 752:CMSIS/Include/../include/core_cm4.h ****   \brief    Type definitions for the System Timer Registers.
 753:CMSIS/Include/../include/core_cm4.h ****   @{
 754:CMSIS/Include/../include/core_cm4.h ****  */
 755:CMSIS/Include/../include/core_cm4.h **** 
 756:CMSIS/Include/../include/core_cm4.h **** /**
 757:CMSIS/Include/../include/core_cm4.h ****   \brief  Structure type to access the System Timer (SysTick).
 758:CMSIS/Include/../include/core_cm4.h ****  */
 759:CMSIS/Include/../include/core_cm4.h **** typedef struct
 760:CMSIS/Include/../include/core_cm4.h **** {
 761:CMSIS/Include/../include/core_cm4.h ****   __IOM uint32_t CTRL;                   /*!< Offset: 0x000 (R/W)  SysTick Control and Status Regis
 762:CMSIS/Include/../include/core_cm4.h ****   __IOM uint32_t LOAD;                   /*!< Offset: 0x004 (R/W)  SysTick Reload Value Register */
 763:CMSIS/Include/../include/core_cm4.h ****   __IOM uint32_t VAL;                    /*!< Offset: 0x008 (R/W)  SysTick Current Value Register *
 764:CMSIS/Include/../include/core_cm4.h ****   __IM  uint32_t CALIB;                  /*!< Offset: 0x00C (R/ )  SysTick Calibration Register */
 765:CMSIS/Include/../include/core_cm4.h **** } SysTick_Type;
 766:CMSIS/Include/../include/core_cm4.h **** 
 767:CMSIS/Include/../include/core_cm4.h **** /* SysTick Control / Status Register Definitions */
 768:CMSIS/Include/../include/core_cm4.h **** #define SysTick_CTRL_COUNTFLAG_Pos         16U                                            /*!< SysT
 769:CMSIS/Include/../include/core_cm4.h **** #define SysTick_CTRL_COUNTFLAG_Msk         (1UL << SysTick_CTRL_COUNTFLAG_Pos)            /*!< SysT
 770:CMSIS/Include/../include/core_cm4.h **** 
 771:CMSIS/Include/../include/core_cm4.h **** #define SysTick_CTRL_CLKSOURCE_Pos          2U                                            /*!< SysT
 772:CMSIS/Include/../include/core_cm4.h **** #define SysTick_CTRL_CLKSOURCE_Msk         (1UL << SysTick_CTRL_CLKSOURCE_Pos)            /*!< SysT
 773:CMSIS/Include/../include/core_cm4.h **** 
 774:CMSIS/Include/../include/core_cm4.h **** #define SysTick_CTRL_TICKINT_Pos            1U                                            /*!< SysT
 775:CMSIS/Include/../include/core_cm4.h **** #define SysTick_CTRL_TICKINT_Msk           (1UL << SysTick_CTRL_TICKINT_Pos)              /*!< SysT
 776:CMSIS/Include/../include/core_cm4.h **** 
 777:CMSIS/Include/../include/core_cm4.h **** #define SysTick_CTRL_ENABLE_Pos             0U                                            /*!< SysT
 778:CMSIS/Include/../include/core_cm4.h **** #define SysTick_CTRL_ENABLE_Msk            (1UL /*<< SysTick_CTRL_ENABLE_Pos*/)           /*!< SysT
 779:CMSIS/Include/../include/core_cm4.h **** 
 780:CMSIS/Include/../include/core_cm4.h **** /* SysTick Reload Register Definitions */
 781:CMSIS/Include/../include/core_cm4.h **** #define SysTick_LOAD_RELOAD_Pos             0U                                            /*!< SysT
 782:CMSIS/Include/../include/core_cm4.h **** #define SysTick_LOAD_RELOAD_Msk            (0xFFFFFFUL /*<< SysTick_LOAD_RELOAD_Pos*/)    /*!< SysT
 783:CMSIS/Include/../include/core_cm4.h **** 
 784:CMSIS/Include/../include/core_cm4.h **** /* SysTick Current Register Definitions */
 785:CMSIS/Include/../include/core_cm4.h **** #define SysTick_VAL_CURRENT_Pos             0U                                            /*!< SysT
 786:CMSIS/Include/../include/core_cm4.h **** #define SysTick_VAL_CURRENT_Msk            (0xFFFFFFUL /*<< SysTick_VAL_CURRENT_Pos*/)    /*!< SysT
ARM GAS  C:\Users\VICTUS\AppData\Local\Temp\ccpxTj10.s 			page 27


 787:CMSIS/Include/../include/core_cm4.h **** 
 788:CMSIS/Include/../include/core_cm4.h **** /* SysTick Calibration Register Definitions */
 789:CMSIS/Include/../include/core_cm4.h **** #define SysTick_CALIB_NOREF_Pos            31U                                            /*!< SysT
 790:CMSIS/Include/../include/core_cm4.h **** #define SysTick_CALIB_NOREF_Msk            (1UL << SysTick_CALIB_NOREF_Pos)               /*!< SysT
 791:CMSIS/Include/../include/core_cm4.h **** 
 792:CMSIS/Include/../include/core_cm4.h **** #define SysTick_CALIB_SKEW_Pos             30U                                            /*!< SysT
 793:CMSIS/Include/../include/core_cm4.h **** #define SysTick_CALIB_SKEW_Msk             (1UL << SysTick_CALIB_SKEW_Pos)                /*!< SysT
 794:CMSIS/Include/../include/core_cm4.h **** 
 795:CMSIS/Include/../include/core_cm4.h **** #define SysTick_CALIB_TENMS_Pos             0U                                            /*!< SysT
 796:CMSIS/Include/../include/core_cm4.h **** #define SysTick_CALIB_TENMS_Msk            (0xFFFFFFUL /*<< SysTick_CALIB_TENMS_Pos*/)    /*!< SysT
 797:CMSIS/Include/../include/core_cm4.h **** 
 798:CMSIS/Include/../include/core_cm4.h **** /*@} end of group CMSIS_SysTick */
 799:CMSIS/Include/../include/core_cm4.h **** 
 800:CMSIS/Include/../include/core_cm4.h **** 
 801:CMSIS/Include/../include/core_cm4.h **** /**
 802:CMSIS/Include/../include/core_cm4.h ****   \ingroup  CMSIS_core_register
 803:CMSIS/Include/../include/core_cm4.h ****   \defgroup CMSIS_ITM     Instrumentation Trace Macrocell (ITM)
 804:CMSIS/Include/../include/core_cm4.h ****   \brief    Type definitions for the Instrumentation Trace Macrocell (ITM)
 805:CMSIS/Include/../include/core_cm4.h ****   @{
 806:CMSIS/Include/../include/core_cm4.h ****  */
 807:CMSIS/Include/../include/core_cm4.h **** 
 808:CMSIS/Include/../include/core_cm4.h **** /**
 809:CMSIS/Include/../include/core_cm4.h ****   \brief  Structure type to access the Instrumentation Trace Macrocell Register (ITM).
 810:CMSIS/Include/../include/core_cm4.h ****  */
 811:CMSIS/Include/../include/core_cm4.h **** typedef struct
 812:CMSIS/Include/../include/core_cm4.h **** {
 813:CMSIS/Include/../include/core_cm4.h ****   __OM  union
 814:CMSIS/Include/../include/core_cm4.h ****   {
 815:CMSIS/Include/../include/core_cm4.h ****     __OM  uint8_t    u8;                 /*!< Offset: 0x000 ( /W)  ITM Stimulus Port 8-bit */
 816:CMSIS/Include/../include/core_cm4.h ****     __OM  uint16_t   u16;                /*!< Offset: 0x000 ( /W)  ITM Stimulus Port 16-bit */
 817:CMSIS/Include/../include/core_cm4.h ****     __OM  uint32_t   u32;                /*!< Offset: 0x000 ( /W)  ITM Stimulus Port 32-bit */
 818:CMSIS/Include/../include/core_cm4.h ****   }  PORT [32U];                         /*!< Offset: 0x000 ( /W)  ITM Stimulus Port Registers */
 819:CMSIS/Include/../include/core_cm4.h ****         uint32_t RESERVED0[864U];
 820:CMSIS/Include/../include/core_cm4.h ****   __IOM uint32_t TER;                    /*!< Offset: 0xE00 (R/W)  ITM Trace Enable Register */
 821:CMSIS/Include/../include/core_cm4.h ****         uint32_t RESERVED1[15U];
 822:CMSIS/Include/../include/core_cm4.h ****   __IOM uint32_t TPR;                    /*!< Offset: 0xE40 (R/W)  ITM Trace Privilege Register */
 823:CMSIS/Include/../include/core_cm4.h ****         uint32_t RESERVED2[15U];
 824:CMSIS/Include/../include/core_cm4.h ****   __IOM uint32_t TCR;                    /*!< Offset: 0xE80 (R/W)  ITM Trace Control Register */
 825:CMSIS/Include/../include/core_cm4.h ****         uint32_t RESERVED3[29U];
 826:CMSIS/Include/../include/core_cm4.h ****   __OM  uint32_t IWR;                    /*!< Offset: 0xEF8 ( /W)  ITM Integration Write Register *
 827:CMSIS/Include/../include/core_cm4.h ****   __IM  uint32_t IRR;                    /*!< Offset: 0xEFC (R/ )  ITM Integration Read Register */
 828:CMSIS/Include/../include/core_cm4.h ****   __IOM uint32_t IMCR;                   /*!< Offset: 0xF00 (R/W)  ITM Integration Mode Control Reg
 829:CMSIS/Include/../include/core_cm4.h ****         uint32_t RESERVED4[43U];
 830:CMSIS/Include/../include/core_cm4.h ****   __OM  uint32_t LAR;                    /*!< Offset: 0xFB0 ( /W)  ITM Lock Access Register */
 831:CMSIS/Include/../include/core_cm4.h ****   __IM  uint32_t LSR;                    /*!< Offset: 0xFB4 (R/ )  ITM Lock Status Register */
 832:CMSIS/Include/../include/core_cm4.h ****         uint32_t RESERVED5[6U];
 833:CMSIS/Include/../include/core_cm4.h ****   __IM  uint32_t PID4;                   /*!< Offset: 0xFD0 (R/ )  ITM Peripheral Identification Re
 834:CMSIS/Include/../include/core_cm4.h ****   __IM  uint32_t PID5;                   /*!< Offset: 0xFD4 (R/ )  ITM Peripheral Identification Re
 835:CMSIS/Include/../include/core_cm4.h ****   __IM  uint32_t PID6;                   /*!< Offset: 0xFD8 (R/ )  ITM Peripheral Identification Re
 836:CMSIS/Include/../include/core_cm4.h ****   __IM  uint32_t PID7;                   /*!< Offset: 0xFDC (R/ )  ITM Peripheral Identification Re
 837:CMSIS/Include/../include/core_cm4.h ****   __IM  uint32_t PID0;                   /*!< Offset: 0xFE0 (R/ )  ITM Peripheral Identification Re
 838:CMSIS/Include/../include/core_cm4.h ****   __IM  uint32_t PID1;                   /*!< Offset: 0xFE4 (R/ )  ITM Peripheral Identification Re
 839:CMSIS/Include/../include/core_cm4.h ****   __IM  uint32_t PID2;                   /*!< Offset: 0xFE8 (R/ )  ITM Peripheral Identification Re
 840:CMSIS/Include/../include/core_cm4.h ****   __IM  uint32_t PID3;                   /*!< Offset: 0xFEC (R/ )  ITM Peripheral Identification Re
 841:CMSIS/Include/../include/core_cm4.h ****   __IM  uint32_t CID0;                   /*!< Offset: 0xFF0 (R/ )  ITM Component  Identification Re
 842:CMSIS/Include/../include/core_cm4.h ****   __IM  uint32_t CID1;                   /*!< Offset: 0xFF4 (R/ )  ITM Component  Identification Re
 843:CMSIS/Include/../include/core_cm4.h ****   __IM  uint32_t CID2;                   /*!< Offset: 0xFF8 (R/ )  ITM Component  Identification Re
ARM GAS  C:\Users\VICTUS\AppData\Local\Temp\ccpxTj10.s 			page 28


 844:CMSIS/Include/../include/core_cm4.h ****   __IM  uint32_t CID3;                   /*!< Offset: 0xFFC (R/ )  ITM Component  Identification Re
 845:CMSIS/Include/../include/core_cm4.h **** } ITM_Type;
 846:CMSIS/Include/../include/core_cm4.h **** 
 847:CMSIS/Include/../include/core_cm4.h **** /* ITM Trace Privilege Register Definitions */
 848:CMSIS/Include/../include/core_cm4.h **** #define ITM_TPR_PRIVMASK_Pos                0U                                            /*!< ITM 
 849:CMSIS/Include/../include/core_cm4.h **** #define ITM_TPR_PRIVMASK_Msk               (0xFFFFFFFFUL /*<< ITM_TPR_PRIVMASK_Pos*/)     /*!< ITM 
 850:CMSIS/Include/../include/core_cm4.h **** 
 851:CMSIS/Include/../include/core_cm4.h **** /* ITM Trace Control Register Definitions */
 852:CMSIS/Include/../include/core_cm4.h **** #define ITM_TCR_BUSY_Pos                   23U                                            /*!< ITM 
 853:CMSIS/Include/../include/core_cm4.h **** #define ITM_TCR_BUSY_Msk                   (1UL << ITM_TCR_BUSY_Pos)                      /*!< ITM 
 854:CMSIS/Include/../include/core_cm4.h **** 
 855:CMSIS/Include/../include/core_cm4.h **** #define ITM_TCR_TraceBusID_Pos             16U                                            /*!< ITM 
 856:CMSIS/Include/../include/core_cm4.h **** #define ITM_TCR_TraceBusID_Msk             (0x7FUL << ITM_TCR_TraceBusID_Pos)             /*!< ITM 
 857:CMSIS/Include/../include/core_cm4.h **** 
 858:CMSIS/Include/../include/core_cm4.h **** #define ITM_TCR_GTSFREQ_Pos                10U                                            /*!< ITM 
 859:CMSIS/Include/../include/core_cm4.h **** #define ITM_TCR_GTSFREQ_Msk                (3UL << ITM_TCR_GTSFREQ_Pos)                   /*!< ITM 
 860:CMSIS/Include/../include/core_cm4.h **** 
 861:CMSIS/Include/../include/core_cm4.h **** #define ITM_TCR_TSPrescale_Pos              8U                                            /*!< ITM 
 862:CMSIS/Include/../include/core_cm4.h **** #define ITM_TCR_TSPrescale_Msk             (3UL << ITM_TCR_TSPrescale_Pos)                /*!< ITM 
 863:CMSIS/Include/../include/core_cm4.h **** 
 864:CMSIS/Include/../include/core_cm4.h **** #define ITM_TCR_SWOENA_Pos                  4U                                            /*!< ITM 
 865:CMSIS/Include/../include/core_cm4.h **** #define ITM_TCR_SWOENA_Msk                 (1UL << ITM_TCR_SWOENA_Pos)                    /*!< ITM 
 866:CMSIS/Include/../include/core_cm4.h **** 
 867:CMSIS/Include/../include/core_cm4.h **** #define ITM_TCR_DWTENA_Pos                  3U                                            /*!< ITM 
 868:CMSIS/Include/../include/core_cm4.h **** #define ITM_TCR_DWTENA_Msk                 (1UL << ITM_TCR_DWTENA_Pos)                    /*!< ITM 
 869:CMSIS/Include/../include/core_cm4.h **** 
 870:CMSIS/Include/../include/core_cm4.h **** #define ITM_TCR_SYNCENA_Pos                 2U                                            /*!< ITM 
 871:CMSIS/Include/../include/core_cm4.h **** #define ITM_TCR_SYNCENA_Msk                (1UL << ITM_TCR_SYNCENA_Pos)                   /*!< ITM 
 872:CMSIS/Include/../include/core_cm4.h **** 
 873:CMSIS/Include/../include/core_cm4.h **** #define ITM_TCR_TSENA_Pos                   1U                                            /*!< ITM 
 874:CMSIS/Include/../include/core_cm4.h **** #define ITM_TCR_TSENA_Msk                  (1UL << ITM_TCR_TSENA_Pos)                     /*!< ITM 
 875:CMSIS/Include/../include/core_cm4.h **** 
 876:CMSIS/Include/../include/core_cm4.h **** #define ITM_TCR_ITMENA_Pos                  0U                                            /*!< ITM 
 877:CMSIS/Include/../include/core_cm4.h **** #define ITM_TCR_ITMENA_Msk                 (1UL /*<< ITM_TCR_ITMENA_Pos*/)                /*!< ITM 
 878:CMSIS/Include/../include/core_cm4.h **** 
 879:CMSIS/Include/../include/core_cm4.h **** /* ITM Integration Write Register Definitions */
 880:CMSIS/Include/../include/core_cm4.h **** #define ITM_IWR_ATVALIDM_Pos                0U                                            /*!< ITM 
 881:CMSIS/Include/../include/core_cm4.h **** #define ITM_IWR_ATVALIDM_Msk               (1UL /*<< ITM_IWR_ATVALIDM_Pos*/)              /*!< ITM 
 882:CMSIS/Include/../include/core_cm4.h **** 
 883:CMSIS/Include/../include/core_cm4.h **** /* ITM Integration Read Register Definitions */
 884:CMSIS/Include/../include/core_cm4.h **** #define ITM_IRR_ATREADYM_Pos                0U                                            /*!< ITM 
 885:CMSIS/Include/../include/core_cm4.h **** #define ITM_IRR_ATREADYM_Msk               (1UL /*<< ITM_IRR_ATREADYM_Pos*/)              /*!< ITM 
 886:CMSIS/Include/../include/core_cm4.h **** 
 887:CMSIS/Include/../include/core_cm4.h **** /* ITM Integration Mode Control Register Definitions */
 888:CMSIS/Include/../include/core_cm4.h **** #define ITM_IMCR_INTEGRATION_Pos            0U                                            /*!< ITM 
 889:CMSIS/Include/../include/core_cm4.h **** #define ITM_IMCR_INTEGRATION_Msk           (1UL /*<< ITM_IMCR_INTEGRATION_Pos*/)          /*!< ITM 
 890:CMSIS/Include/../include/core_cm4.h **** 
 891:CMSIS/Include/../include/core_cm4.h **** /* ITM Lock Status Register Definitions */
 892:CMSIS/Include/../include/core_cm4.h **** #define ITM_LSR_ByteAcc_Pos                 2U                                            /*!< ITM 
 893:CMSIS/Include/../include/core_cm4.h **** #define ITM_LSR_ByteAcc_Msk                (1UL << ITM_LSR_ByteAcc_Pos)                   /*!< ITM 
 894:CMSIS/Include/../include/core_cm4.h **** 
 895:CMSIS/Include/../include/core_cm4.h **** #define ITM_LSR_Access_Pos                  1U                                            /*!< ITM 
 896:CMSIS/Include/../include/core_cm4.h **** #define ITM_LSR_Access_Msk                 (1UL << ITM_LSR_Access_Pos)                    /*!< ITM 
 897:CMSIS/Include/../include/core_cm4.h **** 
 898:CMSIS/Include/../include/core_cm4.h **** #define ITM_LSR_Present_Pos                 0U                                            /*!< ITM 
 899:CMSIS/Include/../include/core_cm4.h **** #define ITM_LSR_Present_Msk                (1UL /*<< ITM_LSR_Present_Pos*/)               /*!< ITM 
 900:CMSIS/Include/../include/core_cm4.h **** 
ARM GAS  C:\Users\VICTUS\AppData\Local\Temp\ccpxTj10.s 			page 29


 901:CMSIS/Include/../include/core_cm4.h **** /*@}*/ /* end of group CMSIS_ITM */
 902:CMSIS/Include/../include/core_cm4.h **** 
 903:CMSIS/Include/../include/core_cm4.h **** 
 904:CMSIS/Include/../include/core_cm4.h **** /**
 905:CMSIS/Include/../include/core_cm4.h ****   \ingroup  CMSIS_core_register
 906:CMSIS/Include/../include/core_cm4.h ****   \defgroup CMSIS_DWT     Data Watchpoint and Trace (DWT)
 907:CMSIS/Include/../include/core_cm4.h ****   \brief    Type definitions for the Data Watchpoint and Trace (DWT)
 908:CMSIS/Include/../include/core_cm4.h ****   @{
 909:CMSIS/Include/../include/core_cm4.h ****  */
 910:CMSIS/Include/../include/core_cm4.h **** 
 911:CMSIS/Include/../include/core_cm4.h **** /**
 912:CMSIS/Include/../include/core_cm4.h ****   \brief  Structure type to access the Data Watchpoint and Trace Register (DWT).
 913:CMSIS/Include/../include/core_cm4.h ****  */
 914:CMSIS/Include/../include/core_cm4.h **** typedef struct
 915:CMSIS/Include/../include/core_cm4.h **** {
 916:CMSIS/Include/../include/core_cm4.h ****   __IOM uint32_t CTRL;                   /*!< Offset: 0x000 (R/W)  Control Register */
 917:CMSIS/Include/../include/core_cm4.h ****   __IOM uint32_t CYCCNT;                 /*!< Offset: 0x004 (R/W)  Cycle Count Register */
 918:CMSIS/Include/../include/core_cm4.h ****   __IOM uint32_t CPICNT;                 /*!< Offset: 0x008 (R/W)  CPI Count Register */
 919:CMSIS/Include/../include/core_cm4.h ****   __IOM uint32_t EXCCNT;                 /*!< Offset: 0x00C (R/W)  Exception Overhead Count Registe
 920:CMSIS/Include/../include/core_cm4.h ****   __IOM uint32_t SLEEPCNT;               /*!< Offset: 0x010 (R/W)  Sleep Count Register */
 921:CMSIS/Include/../include/core_cm4.h ****   __IOM uint32_t LSUCNT;                 /*!< Offset: 0x014 (R/W)  LSU Count Register */
 922:CMSIS/Include/../include/core_cm4.h ****   __IOM uint32_t FOLDCNT;                /*!< Offset: 0x018 (R/W)  Folded-instruction Count Registe
 923:CMSIS/Include/../include/core_cm4.h ****   __IM  uint32_t PCSR;                   /*!< Offset: 0x01C (R/ )  Program Counter Sample Register 
 924:CMSIS/Include/../include/core_cm4.h ****   __IOM uint32_t COMP0;                  /*!< Offset: 0x020 (R/W)  Comparator Register 0 */
 925:CMSIS/Include/../include/core_cm4.h ****   __IOM uint32_t MASK0;                  /*!< Offset: 0x024 (R/W)  Mask Register 0 */
 926:CMSIS/Include/../include/core_cm4.h ****   __IOM uint32_t FUNCTION0;              /*!< Offset: 0x028 (R/W)  Function Register 0 */
 927:CMSIS/Include/../include/core_cm4.h ****         uint32_t RESERVED0[1U];
 928:CMSIS/Include/../include/core_cm4.h ****   __IOM uint32_t COMP1;                  /*!< Offset: 0x030 (R/W)  Comparator Register 1 */
 929:CMSIS/Include/../include/core_cm4.h ****   __IOM uint32_t MASK1;                  /*!< Offset: 0x034 (R/W)  Mask Register 1 */
 930:CMSIS/Include/../include/core_cm4.h ****   __IOM uint32_t FUNCTION1;              /*!< Offset: 0x038 (R/W)  Function Register 1 */
 931:CMSIS/Include/../include/core_cm4.h ****         uint32_t RESERVED1[1U];
 932:CMSIS/Include/../include/core_cm4.h ****   __IOM uint32_t COMP2;                  /*!< Offset: 0x040 (R/W)  Comparator Register 2 */
 933:CMSIS/Include/../include/core_cm4.h ****   __IOM uint32_t MASK2;                  /*!< Offset: 0x044 (R/W)  Mask Register 2 */
 934:CMSIS/Include/../include/core_cm4.h ****   __IOM uint32_t FUNCTION2;              /*!< Offset: 0x048 (R/W)  Function Register 2 */
 935:CMSIS/Include/../include/core_cm4.h ****         uint32_t RESERVED2[1U];
 936:CMSIS/Include/../include/core_cm4.h ****   __IOM uint32_t COMP3;                  /*!< Offset: 0x050 (R/W)  Comparator Register 3 */
 937:CMSIS/Include/../include/core_cm4.h ****   __IOM uint32_t MASK3;                  /*!< Offset: 0x054 (R/W)  Mask Register 3 */
 938:CMSIS/Include/../include/core_cm4.h ****   __IOM uint32_t FUNCTION3;              /*!< Offset: 0x058 (R/W)  Function Register 3 */
 939:CMSIS/Include/../include/core_cm4.h **** } DWT_Type;
 940:CMSIS/Include/../include/core_cm4.h **** 
 941:CMSIS/Include/../include/core_cm4.h **** /* DWT Control Register Definitions */
 942:CMSIS/Include/../include/core_cm4.h **** #define DWT_CTRL_NUMCOMP_Pos               28U                                         /*!< DWT CTR
 943:CMSIS/Include/../include/core_cm4.h **** #define DWT_CTRL_NUMCOMP_Msk               (0xFUL << DWT_CTRL_NUMCOMP_Pos)             /*!< DWT CTR
 944:CMSIS/Include/../include/core_cm4.h **** 
 945:CMSIS/Include/../include/core_cm4.h **** #define DWT_CTRL_NOTRCPKT_Pos              27U                                         /*!< DWT CTR
 946:CMSIS/Include/../include/core_cm4.h **** #define DWT_CTRL_NOTRCPKT_Msk              (0x1UL << DWT_CTRL_NOTRCPKT_Pos)            /*!< DWT CTR
 947:CMSIS/Include/../include/core_cm4.h **** 
 948:CMSIS/Include/../include/core_cm4.h **** #define DWT_CTRL_NOEXTTRIG_Pos             26U                                         /*!< DWT CTR
 949:CMSIS/Include/../include/core_cm4.h **** #define DWT_CTRL_NOEXTTRIG_Msk             (0x1UL << DWT_CTRL_NOEXTTRIG_Pos)           /*!< DWT CTR
 950:CMSIS/Include/../include/core_cm4.h **** 
 951:CMSIS/Include/../include/core_cm4.h **** #define DWT_CTRL_NOCYCCNT_Pos              25U                                         /*!< DWT CTR
 952:CMSIS/Include/../include/core_cm4.h **** #define DWT_CTRL_NOCYCCNT_Msk              (0x1UL << DWT_CTRL_NOCYCCNT_Pos)            /*!< DWT CTR
 953:CMSIS/Include/../include/core_cm4.h **** 
 954:CMSIS/Include/../include/core_cm4.h **** #define DWT_CTRL_NOPRFCNT_Pos              24U                                         /*!< DWT CTR
 955:CMSIS/Include/../include/core_cm4.h **** #define DWT_CTRL_NOPRFCNT_Msk              (0x1UL << DWT_CTRL_NOPRFCNT_Pos)            /*!< DWT CTR
 956:CMSIS/Include/../include/core_cm4.h **** 
 957:CMSIS/Include/../include/core_cm4.h **** #define DWT_CTRL_CYCEVTENA_Pos             22U                                         /*!< DWT CTR
ARM GAS  C:\Users\VICTUS\AppData\Local\Temp\ccpxTj10.s 			page 30


 958:CMSIS/Include/../include/core_cm4.h **** #define DWT_CTRL_CYCEVTENA_Msk             (0x1UL << DWT_CTRL_CYCEVTENA_Pos)           /*!< DWT CTR
 959:CMSIS/Include/../include/core_cm4.h **** 
 960:CMSIS/Include/../include/core_cm4.h **** #define DWT_CTRL_FOLDEVTENA_Pos            21U                                         /*!< DWT CTR
 961:CMSIS/Include/../include/core_cm4.h **** #define DWT_CTRL_FOLDEVTENA_Msk            (0x1UL << DWT_CTRL_FOLDEVTENA_Pos)          /*!< DWT CTR
 962:CMSIS/Include/../include/core_cm4.h **** 
 963:CMSIS/Include/../include/core_cm4.h **** #define DWT_CTRL_LSUEVTENA_Pos             20U                                         /*!< DWT CTR
 964:CMSIS/Include/../include/core_cm4.h **** #define DWT_CTRL_LSUEVTENA_Msk             (0x1UL << DWT_CTRL_LSUEVTENA_Pos)           /*!< DWT CTR
 965:CMSIS/Include/../include/core_cm4.h **** 
 966:CMSIS/Include/../include/core_cm4.h **** #define DWT_CTRL_SLEEPEVTENA_Pos           19U                                         /*!< DWT CTR
 967:CMSIS/Include/../include/core_cm4.h **** #define DWT_CTRL_SLEEPEVTENA_Msk           (0x1UL << DWT_CTRL_SLEEPEVTENA_Pos)         /*!< DWT CTR
 968:CMSIS/Include/../include/core_cm4.h **** 
 969:CMSIS/Include/../include/core_cm4.h **** #define DWT_CTRL_EXCEVTENA_Pos             18U                                         /*!< DWT CTR
 970:CMSIS/Include/../include/core_cm4.h **** #define DWT_CTRL_EXCEVTENA_Msk             (0x1UL << DWT_CTRL_EXCEVTENA_Pos)           /*!< DWT CTR
 971:CMSIS/Include/../include/core_cm4.h **** 
 972:CMSIS/Include/../include/core_cm4.h **** #define DWT_CTRL_CPIEVTENA_Pos             17U                                         /*!< DWT CTR
 973:CMSIS/Include/../include/core_cm4.h **** #define DWT_CTRL_CPIEVTENA_Msk             (0x1UL << DWT_CTRL_CPIEVTENA_Pos)           /*!< DWT CTR
 974:CMSIS/Include/../include/core_cm4.h **** 
 975:CMSIS/Include/../include/core_cm4.h **** #define DWT_CTRL_EXCTRCENA_Pos             16U                                         /*!< DWT CTR
 976:CMSIS/Include/../include/core_cm4.h **** #define DWT_CTRL_EXCTRCENA_Msk             (0x1UL << DWT_CTRL_EXCTRCENA_Pos)           /*!< DWT CTR
 977:CMSIS/Include/../include/core_cm4.h **** 
 978:CMSIS/Include/../include/core_cm4.h **** #define DWT_CTRL_PCSAMPLENA_Pos            12U                                         /*!< DWT CTR
 979:CMSIS/Include/../include/core_cm4.h **** #define DWT_CTRL_PCSAMPLENA_Msk            (0x1UL << DWT_CTRL_PCSAMPLENA_Pos)          /*!< DWT CTR
 980:CMSIS/Include/../include/core_cm4.h **** 
 981:CMSIS/Include/../include/core_cm4.h **** #define DWT_CTRL_SYNCTAP_Pos               10U                                         /*!< DWT CTR
 982:CMSIS/Include/../include/core_cm4.h **** #define DWT_CTRL_SYNCTAP_Msk               (0x3UL << DWT_CTRL_SYNCTAP_Pos)             /*!< DWT CTR
 983:CMSIS/Include/../include/core_cm4.h **** 
 984:CMSIS/Include/../include/core_cm4.h **** #define DWT_CTRL_CYCTAP_Pos                 9U                                         /*!< DWT CTR
 985:CMSIS/Include/../include/core_cm4.h **** #define DWT_CTRL_CYCTAP_Msk                (0x1UL << DWT_CTRL_CYCTAP_Pos)              /*!< DWT CTR
 986:CMSIS/Include/../include/core_cm4.h **** 
 987:CMSIS/Include/../include/core_cm4.h **** #define DWT_CTRL_POSTINIT_Pos               5U                                         /*!< DWT CTR
 988:CMSIS/Include/../include/core_cm4.h **** #define DWT_CTRL_POSTINIT_Msk              (0xFUL << DWT_CTRL_POSTINIT_Pos)            /*!< DWT CTR
 989:CMSIS/Include/../include/core_cm4.h **** 
 990:CMSIS/Include/../include/core_cm4.h **** #define DWT_CTRL_POSTPRESET_Pos             1U                                         /*!< DWT CTR
 991:CMSIS/Include/../include/core_cm4.h **** #define DWT_CTRL_POSTPRESET_Msk            (0xFUL << DWT_CTRL_POSTPRESET_Pos)          /*!< DWT CTR
 992:CMSIS/Include/../include/core_cm4.h **** 
 993:CMSIS/Include/../include/core_cm4.h **** #define DWT_CTRL_CYCCNTENA_Pos              0U                                         /*!< DWT CTR
 994:CMSIS/Include/../include/core_cm4.h **** #define DWT_CTRL_CYCCNTENA_Msk             (0x1UL /*<< DWT_CTRL_CYCCNTENA_Pos*/)       /*!< DWT CTR
 995:CMSIS/Include/../include/core_cm4.h **** 
 996:CMSIS/Include/../include/core_cm4.h **** /* DWT CPI Count Register Definitions */
 997:CMSIS/Include/../include/core_cm4.h **** #define DWT_CPICNT_CPICNT_Pos               0U                                         /*!< DWT CPI
 998:CMSIS/Include/../include/core_cm4.h **** #define DWT_CPICNT_CPICNT_Msk              (0xFFUL /*<< DWT_CPICNT_CPICNT_Pos*/)       /*!< DWT CPI
 999:CMSIS/Include/../include/core_cm4.h **** 
1000:CMSIS/Include/../include/core_cm4.h **** /* DWT Exception Overhead Count Register Definitions */
1001:CMSIS/Include/../include/core_cm4.h **** #define DWT_EXCCNT_EXCCNT_Pos               0U                                         /*!< DWT EXC
1002:CMSIS/Include/../include/core_cm4.h **** #define DWT_EXCCNT_EXCCNT_Msk              (0xFFUL /*<< DWT_EXCCNT_EXCCNT_Pos*/)       /*!< DWT EXC
1003:CMSIS/Include/../include/core_cm4.h **** 
1004:CMSIS/Include/../include/core_cm4.h **** /* DWT Sleep Count Register Definitions */
1005:CMSIS/Include/../include/core_cm4.h **** #define DWT_SLEEPCNT_SLEEPCNT_Pos           0U                                         /*!< DWT SLE
1006:CMSIS/Include/../include/core_cm4.h **** #define DWT_SLEEPCNT_SLEEPCNT_Msk          (0xFFUL /*<< DWT_SLEEPCNT_SLEEPCNT_Pos*/)   /*!< DWT SLE
1007:CMSIS/Include/../include/core_cm4.h **** 
1008:CMSIS/Include/../include/core_cm4.h **** /* DWT LSU Count Register Definitions */
1009:CMSIS/Include/../include/core_cm4.h **** #define DWT_LSUCNT_LSUCNT_Pos               0U                                         /*!< DWT LSU
1010:CMSIS/Include/../include/core_cm4.h **** #define DWT_LSUCNT_LSUCNT_Msk              (0xFFUL /*<< DWT_LSUCNT_LSUCNT_Pos*/)       /*!< DWT LSU
1011:CMSIS/Include/../include/core_cm4.h **** 
1012:CMSIS/Include/../include/core_cm4.h **** /* DWT Folded-instruction Count Register Definitions */
1013:CMSIS/Include/../include/core_cm4.h **** #define DWT_FOLDCNT_FOLDCNT_Pos             0U                                         /*!< DWT FOL
1014:CMSIS/Include/../include/core_cm4.h **** #define DWT_FOLDCNT_FOLDCNT_Msk            (0xFFUL /*<< DWT_FOLDCNT_FOLDCNT_Pos*/)     /*!< DWT FOL
ARM GAS  C:\Users\VICTUS\AppData\Local\Temp\ccpxTj10.s 			page 31


1015:CMSIS/Include/../include/core_cm4.h **** 
1016:CMSIS/Include/../include/core_cm4.h **** /* DWT Comparator Mask Register Definitions */
1017:CMSIS/Include/../include/core_cm4.h **** #define DWT_MASK_MASK_Pos                   0U                                         /*!< DWT MAS
1018:CMSIS/Include/../include/core_cm4.h **** #define DWT_MASK_MASK_Msk                  (0x1FUL /*<< DWT_MASK_MASK_Pos*/)           /*!< DWT MAS
1019:CMSIS/Include/../include/core_cm4.h **** 
1020:CMSIS/Include/../include/core_cm4.h **** /* DWT Comparator Function Register Definitions */
1021:CMSIS/Include/../include/core_cm4.h **** #define DWT_FUNCTION_MATCHED_Pos           24U                                         /*!< DWT FUN
1022:CMSIS/Include/../include/core_cm4.h **** #define DWT_FUNCTION_MATCHED_Msk           (0x1UL << DWT_FUNCTION_MATCHED_Pos)         /*!< DWT FUN
1023:CMSIS/Include/../include/core_cm4.h **** 
1024:CMSIS/Include/../include/core_cm4.h **** #define DWT_FUNCTION_DATAVADDR1_Pos        16U                                         /*!< DWT FUN
1025:CMSIS/Include/../include/core_cm4.h **** #define DWT_FUNCTION_DATAVADDR1_Msk        (0xFUL << DWT_FUNCTION_DATAVADDR1_Pos)      /*!< DWT FUN
1026:CMSIS/Include/../include/core_cm4.h **** 
1027:CMSIS/Include/../include/core_cm4.h **** #define DWT_FUNCTION_DATAVADDR0_Pos        12U                                         /*!< DWT FUN
1028:CMSIS/Include/../include/core_cm4.h **** #define DWT_FUNCTION_DATAVADDR0_Msk        (0xFUL << DWT_FUNCTION_DATAVADDR0_Pos)      /*!< DWT FUN
1029:CMSIS/Include/../include/core_cm4.h **** 
1030:CMSIS/Include/../include/core_cm4.h **** #define DWT_FUNCTION_DATAVSIZE_Pos         10U                                         /*!< DWT FUN
1031:CMSIS/Include/../include/core_cm4.h **** #define DWT_FUNCTION_DATAVSIZE_Msk         (0x3UL << DWT_FUNCTION_DATAVSIZE_Pos)       /*!< DWT FUN
1032:CMSIS/Include/../include/core_cm4.h **** 
1033:CMSIS/Include/../include/core_cm4.h **** #define DWT_FUNCTION_LNK1ENA_Pos            9U                                         /*!< DWT FUN
1034:CMSIS/Include/../include/core_cm4.h **** #define DWT_FUNCTION_LNK1ENA_Msk           (0x1UL << DWT_FUNCTION_LNK1ENA_Pos)         /*!< DWT FUN
1035:CMSIS/Include/../include/core_cm4.h **** 
1036:CMSIS/Include/../include/core_cm4.h **** #define DWT_FUNCTION_DATAVMATCH_Pos         8U                                         /*!< DWT FUN
1037:CMSIS/Include/../include/core_cm4.h **** #define DWT_FUNCTION_DATAVMATCH_Msk        (0x1UL << DWT_FUNCTION_DATAVMATCH_Pos)      /*!< DWT FUN
1038:CMSIS/Include/../include/core_cm4.h **** 
1039:CMSIS/Include/../include/core_cm4.h **** #define DWT_FUNCTION_CYCMATCH_Pos           7U                                         /*!< DWT FUN
1040:CMSIS/Include/../include/core_cm4.h **** #define DWT_FUNCTION_CYCMATCH_Msk          (0x1UL << DWT_FUNCTION_CYCMATCH_Pos)        /*!< DWT FUN
1041:CMSIS/Include/../include/core_cm4.h **** 
1042:CMSIS/Include/../include/core_cm4.h **** #define DWT_FUNCTION_EMITRANGE_Pos          5U                                         /*!< DWT FUN
1043:CMSIS/Include/../include/core_cm4.h **** #define DWT_FUNCTION_EMITRANGE_Msk         (0x1UL << DWT_FUNCTION_EMITRANGE_Pos)       /*!< DWT FUN
1044:CMSIS/Include/../include/core_cm4.h **** 
1045:CMSIS/Include/../include/core_cm4.h **** #define DWT_FUNCTION_FUNCTION_Pos           0U                                         /*!< DWT FUN
1046:CMSIS/Include/../include/core_cm4.h **** #define DWT_FUNCTION_FUNCTION_Msk          (0xFUL /*<< DWT_FUNCTION_FUNCTION_Pos*/)    /*!< DWT FUN
1047:CMSIS/Include/../include/core_cm4.h **** 
1048:CMSIS/Include/../include/core_cm4.h **** /*@}*/ /* end of group CMSIS_DWT */
1049:CMSIS/Include/../include/core_cm4.h **** 
1050:CMSIS/Include/../include/core_cm4.h **** 
1051:CMSIS/Include/../include/core_cm4.h **** /**
1052:CMSIS/Include/../include/core_cm4.h ****   \ingroup  CMSIS_core_register
1053:CMSIS/Include/../include/core_cm4.h ****   \defgroup CMSIS_TPI     Trace Port Interface (TPI)
1054:CMSIS/Include/../include/core_cm4.h ****   \brief    Type definitions for the Trace Port Interface (TPI)
1055:CMSIS/Include/../include/core_cm4.h ****   @{
1056:CMSIS/Include/../include/core_cm4.h ****  */
1057:CMSIS/Include/../include/core_cm4.h **** 
1058:CMSIS/Include/../include/core_cm4.h **** /**
1059:CMSIS/Include/../include/core_cm4.h ****   \brief  Structure type to access the Trace Port Interface Register (TPI).
1060:CMSIS/Include/../include/core_cm4.h ****  */
1061:CMSIS/Include/../include/core_cm4.h **** typedef struct
1062:CMSIS/Include/../include/core_cm4.h **** {
1063:CMSIS/Include/../include/core_cm4.h ****   __IM  uint32_t SSPSR;                  /*!< Offset: 0x000 (R/ )  Supported Parallel Port Size Reg
1064:CMSIS/Include/../include/core_cm4.h ****   __IOM uint32_t CSPSR;                  /*!< Offset: 0x004 (R/W)  Current Parallel Port Size Regis
1065:CMSIS/Include/../include/core_cm4.h ****         uint32_t RESERVED0[2U];
1066:CMSIS/Include/../include/core_cm4.h ****   __IOM uint32_t ACPR;                   /*!< Offset: 0x010 (R/W)  Asynchronous Clock Prescaler Reg
1067:CMSIS/Include/../include/core_cm4.h ****         uint32_t RESERVED1[55U];
1068:CMSIS/Include/../include/core_cm4.h ****   __IOM uint32_t SPPR;                   /*!< Offset: 0x0F0 (R/W)  Selected Pin Protocol Register *
1069:CMSIS/Include/../include/core_cm4.h ****         uint32_t RESERVED2[131U];
1070:CMSIS/Include/../include/core_cm4.h ****   __IM  uint32_t FFSR;                   /*!< Offset: 0x300 (R/ )  Formatter and Flush Status Regis
1071:CMSIS/Include/../include/core_cm4.h ****   __IOM uint32_t FFCR;                   /*!< Offset: 0x304 (R/W)  Formatter and Flush Control Regi
ARM GAS  C:\Users\VICTUS\AppData\Local\Temp\ccpxTj10.s 			page 32


1072:CMSIS/Include/../include/core_cm4.h ****   __IM  uint32_t FSCR;                   /*!< Offset: 0x308 (R/ )  Formatter Synchronization Counte
1073:CMSIS/Include/../include/core_cm4.h ****         uint32_t RESERVED3[759U];
1074:CMSIS/Include/../include/core_cm4.h ****   __IM  uint32_t TRIGGER;                /*!< Offset: 0xEE8 (R/ )  TRIGGER Register */
1075:CMSIS/Include/../include/core_cm4.h ****   __IM  uint32_t FIFO0;                  /*!< Offset: 0xEEC (R/ )  Integration ETM Data */
1076:CMSIS/Include/../include/core_cm4.h ****   __IM  uint32_t ITATBCTR2;              /*!< Offset: 0xEF0 (R/ )  ITATBCTR2 */
1077:CMSIS/Include/../include/core_cm4.h ****         uint32_t RESERVED4[1U];
1078:CMSIS/Include/../include/core_cm4.h ****   __IM  uint32_t ITATBCTR0;              /*!< Offset: 0xEF8 (R/ )  ITATBCTR0 */
1079:CMSIS/Include/../include/core_cm4.h ****   __IM  uint32_t FIFO1;                  /*!< Offset: 0xEFC (R/ )  Integration ITM Data */
1080:CMSIS/Include/../include/core_cm4.h ****   __IOM uint32_t ITCTRL;                 /*!< Offset: 0xF00 (R/W)  Integration Mode Control */
1081:CMSIS/Include/../include/core_cm4.h ****         uint32_t RESERVED5[39U];
1082:CMSIS/Include/../include/core_cm4.h ****   __IOM uint32_t CLAIMSET;               /*!< Offset: 0xFA0 (R/W)  Claim tag set */
1083:CMSIS/Include/../include/core_cm4.h ****   __IOM uint32_t CLAIMCLR;               /*!< Offset: 0xFA4 (R/W)  Claim tag clear */
1084:CMSIS/Include/../include/core_cm4.h ****         uint32_t RESERVED7[8U];
1085:CMSIS/Include/../include/core_cm4.h ****   __IM  uint32_t DEVID;                  /*!< Offset: 0xFC8 (R/ )  TPIU_DEVID */
1086:CMSIS/Include/../include/core_cm4.h ****   __IM  uint32_t DEVTYPE;                /*!< Offset: 0xFCC (R/ )  TPIU_DEVTYPE */
1087:CMSIS/Include/../include/core_cm4.h **** } TPI_Type;
1088:CMSIS/Include/../include/core_cm4.h **** 
1089:CMSIS/Include/../include/core_cm4.h **** /* TPI Asynchronous Clock Prescaler Register Definitions */
1090:CMSIS/Include/../include/core_cm4.h **** #define TPI_ACPR_PRESCALER_Pos              0U                                         /*!< TPI ACP
1091:CMSIS/Include/../include/core_cm4.h **** #define TPI_ACPR_PRESCALER_Msk             (0x1FFFUL /*<< TPI_ACPR_PRESCALER_Pos*/)    /*!< TPI ACP
1092:CMSIS/Include/../include/core_cm4.h **** 
1093:CMSIS/Include/../include/core_cm4.h **** /* TPI Selected Pin Protocol Register Definitions */
1094:CMSIS/Include/../include/core_cm4.h **** #define TPI_SPPR_TXMODE_Pos                 0U                                         /*!< TPI SPP
1095:CMSIS/Include/../include/core_cm4.h **** #define TPI_SPPR_TXMODE_Msk                (0x3UL /*<< TPI_SPPR_TXMODE_Pos*/)          /*!< TPI SPP
1096:CMSIS/Include/../include/core_cm4.h **** 
1097:CMSIS/Include/../include/core_cm4.h **** /* TPI Formatter and Flush Status Register Definitions */
1098:CMSIS/Include/../include/core_cm4.h **** #define TPI_FFSR_FtNonStop_Pos              3U                                         /*!< TPI FFS
1099:CMSIS/Include/../include/core_cm4.h **** #define TPI_FFSR_FtNonStop_Msk             (0x1UL << TPI_FFSR_FtNonStop_Pos)           /*!< TPI FFS
1100:CMSIS/Include/../include/core_cm4.h **** 
1101:CMSIS/Include/../include/core_cm4.h **** #define TPI_FFSR_TCPresent_Pos              2U                                         /*!< TPI FFS
1102:CMSIS/Include/../include/core_cm4.h **** #define TPI_FFSR_TCPresent_Msk             (0x1UL << TPI_FFSR_TCPresent_Pos)           /*!< TPI FFS
1103:CMSIS/Include/../include/core_cm4.h **** 
1104:CMSIS/Include/../include/core_cm4.h **** #define TPI_FFSR_FtStopped_Pos              1U                                         /*!< TPI FFS
1105:CMSIS/Include/../include/core_cm4.h **** #define TPI_FFSR_FtStopped_Msk             (0x1UL << TPI_FFSR_FtStopped_Pos)           /*!< TPI FFS
1106:CMSIS/Include/../include/core_cm4.h **** 
1107:CMSIS/Include/../include/core_cm4.h **** #define TPI_FFSR_FlInProg_Pos               0U                                         /*!< TPI FFS
1108:CMSIS/Include/../include/core_cm4.h **** #define TPI_FFSR_FlInProg_Msk              (0x1UL /*<< TPI_FFSR_FlInProg_Pos*/)        /*!< TPI FFS
1109:CMSIS/Include/../include/core_cm4.h **** 
1110:CMSIS/Include/../include/core_cm4.h **** /* TPI Formatter and Flush Control Register Definitions */
1111:CMSIS/Include/../include/core_cm4.h **** #define TPI_FFCR_TrigIn_Pos                 8U                                         /*!< TPI FFC
1112:CMSIS/Include/../include/core_cm4.h **** #define TPI_FFCR_TrigIn_Msk                (0x1UL << TPI_FFCR_TrigIn_Pos)              /*!< TPI FFC
1113:CMSIS/Include/../include/core_cm4.h **** 
1114:CMSIS/Include/../include/core_cm4.h **** #define TPI_FFCR_EnFCont_Pos                1U                                         /*!< TPI FFC
1115:CMSIS/Include/../include/core_cm4.h **** #define TPI_FFCR_EnFCont_Msk               (0x1UL << TPI_FFCR_EnFCont_Pos)             /*!< TPI FFC
1116:CMSIS/Include/../include/core_cm4.h **** 
1117:CMSIS/Include/../include/core_cm4.h **** /* TPI TRIGGER Register Definitions */
1118:CMSIS/Include/../include/core_cm4.h **** #define TPI_TRIGGER_TRIGGER_Pos             0U                                         /*!< TPI TRI
1119:CMSIS/Include/../include/core_cm4.h **** #define TPI_TRIGGER_TRIGGER_Msk            (0x1UL /*<< TPI_TRIGGER_TRIGGER_Pos*/)      /*!< TPI TRI
1120:CMSIS/Include/../include/core_cm4.h **** 
1121:CMSIS/Include/../include/core_cm4.h **** /* TPI Integration ETM Data Register Definitions (FIFO0) */
1122:CMSIS/Include/../include/core_cm4.h **** #define TPI_FIFO0_ITM_ATVALID_Pos          29U                                         /*!< TPI FIF
1123:CMSIS/Include/../include/core_cm4.h **** #define TPI_FIFO0_ITM_ATVALID_Msk          (0x3UL << TPI_FIFO0_ITM_ATVALID_Pos)        /*!< TPI FIF
1124:CMSIS/Include/../include/core_cm4.h **** 
1125:CMSIS/Include/../include/core_cm4.h **** #define TPI_FIFO0_ITM_bytecount_Pos        27U                                         /*!< TPI FIF
1126:CMSIS/Include/../include/core_cm4.h **** #define TPI_FIFO0_ITM_bytecount_Msk        (0x3UL << TPI_FIFO0_ITM_bytecount_Pos)      /*!< TPI FIF
1127:CMSIS/Include/../include/core_cm4.h **** 
1128:CMSIS/Include/../include/core_cm4.h **** #define TPI_FIFO0_ETM_ATVALID_Pos          26U                                         /*!< TPI FIF
ARM GAS  C:\Users\VICTUS\AppData\Local\Temp\ccpxTj10.s 			page 33


1129:CMSIS/Include/../include/core_cm4.h **** #define TPI_FIFO0_ETM_ATVALID_Msk          (0x3UL << TPI_FIFO0_ETM_ATVALID_Pos)        /*!< TPI FIF
1130:CMSIS/Include/../include/core_cm4.h **** 
1131:CMSIS/Include/../include/core_cm4.h **** #define TPI_FIFO0_ETM_bytecount_Pos        24U                                         /*!< TPI FIF
1132:CMSIS/Include/../include/core_cm4.h **** #define TPI_FIFO0_ETM_bytecount_Msk        (0x3UL << TPI_FIFO0_ETM_bytecount_Pos)      /*!< TPI FIF
1133:CMSIS/Include/../include/core_cm4.h **** 
1134:CMSIS/Include/../include/core_cm4.h **** #define TPI_FIFO0_ETM2_Pos                 16U                                         /*!< TPI FIF
1135:CMSIS/Include/../include/core_cm4.h **** #define TPI_FIFO0_ETM2_Msk                 (0xFFUL << TPI_FIFO0_ETM2_Pos)              /*!< TPI FIF
1136:CMSIS/Include/../include/core_cm4.h **** 
1137:CMSIS/Include/../include/core_cm4.h **** #define TPI_FIFO0_ETM1_Pos                  8U                                         /*!< TPI FIF
1138:CMSIS/Include/../include/core_cm4.h **** #define TPI_FIFO0_ETM1_Msk                 (0xFFUL << TPI_FIFO0_ETM1_Pos)              /*!< TPI FIF
1139:CMSIS/Include/../include/core_cm4.h **** 
1140:CMSIS/Include/../include/core_cm4.h **** #define TPI_FIFO0_ETM0_Pos                  0U                                         /*!< TPI FIF
1141:CMSIS/Include/../include/core_cm4.h **** #define TPI_FIFO0_ETM0_Msk                 (0xFFUL /*<< TPI_FIFO0_ETM0_Pos*/)          /*!< TPI FIF
1142:CMSIS/Include/../include/core_cm4.h **** 
1143:CMSIS/Include/../include/core_cm4.h **** /* TPI ITATBCTR2 Register Definitions */
1144:CMSIS/Include/../include/core_cm4.h **** #define TPI_ITATBCTR2_ATREADY2_Pos          0U                                         /*!< TPI ITA
1145:CMSIS/Include/../include/core_cm4.h **** #define TPI_ITATBCTR2_ATREADY2_Msk         (0x1UL /*<< TPI_ITATBCTR2_ATREADY2_Pos*/)   /*!< TPI ITA
1146:CMSIS/Include/../include/core_cm4.h **** 
1147:CMSIS/Include/../include/core_cm4.h **** #define TPI_ITATBCTR2_ATREADY1_Pos          0U                                         /*!< TPI ITA
1148:CMSIS/Include/../include/core_cm4.h **** #define TPI_ITATBCTR2_ATREADY1_Msk         (0x1UL /*<< TPI_ITATBCTR2_ATREADY1_Pos*/)   /*!< TPI ITA
1149:CMSIS/Include/../include/core_cm4.h **** 
1150:CMSIS/Include/../include/core_cm4.h **** /* TPI Integration ITM Data Register Definitions (FIFO1) */
1151:CMSIS/Include/../include/core_cm4.h **** #define TPI_FIFO1_ITM_ATVALID_Pos          29U                                         /*!< TPI FIF
1152:CMSIS/Include/../include/core_cm4.h **** #define TPI_FIFO1_ITM_ATVALID_Msk          (0x3UL << TPI_FIFO1_ITM_ATVALID_Pos)        /*!< TPI FIF
1153:CMSIS/Include/../include/core_cm4.h **** 
1154:CMSIS/Include/../include/core_cm4.h **** #define TPI_FIFO1_ITM_bytecount_Pos        27U                                         /*!< TPI FIF
1155:CMSIS/Include/../include/core_cm4.h **** #define TPI_FIFO1_ITM_bytecount_Msk        (0x3UL << TPI_FIFO1_ITM_bytecount_Pos)      /*!< TPI FIF
1156:CMSIS/Include/../include/core_cm4.h **** 
1157:CMSIS/Include/../include/core_cm4.h **** #define TPI_FIFO1_ETM_ATVALID_Pos          26U                                         /*!< TPI FIF
1158:CMSIS/Include/../include/core_cm4.h **** #define TPI_FIFO1_ETM_ATVALID_Msk          (0x3UL << TPI_FIFO1_ETM_ATVALID_Pos)        /*!< TPI FIF
1159:CMSIS/Include/../include/core_cm4.h **** 
1160:CMSIS/Include/../include/core_cm4.h **** #define TPI_FIFO1_ETM_bytecount_Pos        24U                                         /*!< TPI FIF
1161:CMSIS/Include/../include/core_cm4.h **** #define TPI_FIFO1_ETM_bytecount_Msk        (0x3UL << TPI_FIFO1_ETM_bytecount_Pos)      /*!< TPI FIF
1162:CMSIS/Include/../include/core_cm4.h **** 
1163:CMSIS/Include/../include/core_cm4.h **** #define TPI_FIFO1_ITM2_Pos                 16U                                         /*!< TPI FIF
1164:CMSIS/Include/../include/core_cm4.h **** #define TPI_FIFO1_ITM2_Msk                 (0xFFUL << TPI_FIFO1_ITM2_Pos)              /*!< TPI FIF
1165:CMSIS/Include/../include/core_cm4.h **** 
1166:CMSIS/Include/../include/core_cm4.h **** #define TPI_FIFO1_ITM1_Pos                  8U                                         /*!< TPI FIF
1167:CMSIS/Include/../include/core_cm4.h **** #define TPI_FIFO1_ITM1_Msk                 (0xFFUL << TPI_FIFO1_ITM1_Pos)              /*!< TPI FIF
1168:CMSIS/Include/../include/core_cm4.h **** 
1169:CMSIS/Include/../include/core_cm4.h **** #define TPI_FIFO1_ITM0_Pos                  0U                                         /*!< TPI FIF
1170:CMSIS/Include/../include/core_cm4.h **** #define TPI_FIFO1_ITM0_Msk                 (0xFFUL /*<< TPI_FIFO1_ITM0_Pos*/)          /*!< TPI FIF
1171:CMSIS/Include/../include/core_cm4.h **** 
1172:CMSIS/Include/../include/core_cm4.h **** /* TPI ITATBCTR0 Register Definitions */
1173:CMSIS/Include/../include/core_cm4.h **** #define TPI_ITATBCTR0_ATREADY2_Pos          0U                                         /*!< TPI ITA
1174:CMSIS/Include/../include/core_cm4.h **** #define TPI_ITATBCTR0_ATREADY2_Msk         (0x1UL /*<< TPI_ITATBCTR0_ATREADY2_Pos*/)   /*!< TPI ITA
1175:CMSIS/Include/../include/core_cm4.h **** 
1176:CMSIS/Include/../include/core_cm4.h **** #define TPI_ITATBCTR0_ATREADY1_Pos          0U                                         /*!< TPI ITA
1177:CMSIS/Include/../include/core_cm4.h **** #define TPI_ITATBCTR0_ATREADY1_Msk         (0x1UL /*<< TPI_ITATBCTR0_ATREADY1_Pos*/)   /*!< TPI ITA
1178:CMSIS/Include/../include/core_cm4.h **** 
1179:CMSIS/Include/../include/core_cm4.h **** /* TPI Integration Mode Control Register Definitions */
1180:CMSIS/Include/../include/core_cm4.h **** #define TPI_ITCTRL_Mode_Pos                 0U                                         /*!< TPI ITC
1181:CMSIS/Include/../include/core_cm4.h **** #define TPI_ITCTRL_Mode_Msk                (0x3UL /*<< TPI_ITCTRL_Mode_Pos*/)          /*!< TPI ITC
1182:CMSIS/Include/../include/core_cm4.h **** 
1183:CMSIS/Include/../include/core_cm4.h **** /* TPI DEVID Register Definitions */
1184:CMSIS/Include/../include/core_cm4.h **** #define TPI_DEVID_NRZVALID_Pos             11U                                         /*!< TPI DEV
1185:CMSIS/Include/../include/core_cm4.h **** #define TPI_DEVID_NRZVALID_Msk             (0x1UL << TPI_DEVID_NRZVALID_Pos)           /*!< TPI DEV
ARM GAS  C:\Users\VICTUS\AppData\Local\Temp\ccpxTj10.s 			page 34


1186:CMSIS/Include/../include/core_cm4.h **** 
1187:CMSIS/Include/../include/core_cm4.h **** #define TPI_DEVID_MANCVALID_Pos            10U                                         /*!< TPI DEV
1188:CMSIS/Include/../include/core_cm4.h **** #define TPI_DEVID_MANCVALID_Msk            (0x1UL << TPI_DEVID_MANCVALID_Pos)          /*!< TPI DEV
1189:CMSIS/Include/../include/core_cm4.h **** 
1190:CMSIS/Include/../include/core_cm4.h **** #define TPI_DEVID_PTINVALID_Pos             9U                                         /*!< TPI DEV
1191:CMSIS/Include/../include/core_cm4.h **** #define TPI_DEVID_PTINVALID_Msk            (0x1UL << TPI_DEVID_PTINVALID_Pos)          /*!< TPI DEV
1192:CMSIS/Include/../include/core_cm4.h **** 
1193:CMSIS/Include/../include/core_cm4.h **** #define TPI_DEVID_MinBufSz_Pos              6U                                         /*!< TPI DEV
1194:CMSIS/Include/../include/core_cm4.h **** #define TPI_DEVID_MinBufSz_Msk             (0x7UL << TPI_DEVID_MinBufSz_Pos)           /*!< TPI DEV
1195:CMSIS/Include/../include/core_cm4.h **** 
1196:CMSIS/Include/../include/core_cm4.h **** #define TPI_DEVID_AsynClkIn_Pos             5U                                         /*!< TPI DEV
1197:CMSIS/Include/../include/core_cm4.h **** #define TPI_DEVID_AsynClkIn_Msk            (0x1UL << TPI_DEVID_AsynClkIn_Pos)          /*!< TPI DEV
1198:CMSIS/Include/../include/core_cm4.h **** 
1199:CMSIS/Include/../include/core_cm4.h **** #define TPI_DEVID_NrTraceInput_Pos          0U                                         /*!< TPI DEV
1200:CMSIS/Include/../include/core_cm4.h **** #define TPI_DEVID_NrTraceInput_Msk         (0x1FUL /*<< TPI_DEVID_NrTraceInput_Pos*/)  /*!< TPI DEV
1201:CMSIS/Include/../include/core_cm4.h **** 
1202:CMSIS/Include/../include/core_cm4.h **** /* TPI DEVTYPE Register Definitions */
1203:CMSIS/Include/../include/core_cm4.h **** #define TPI_DEVTYPE_SubType_Pos             4U                                         /*!< TPI DEV
1204:CMSIS/Include/../include/core_cm4.h **** #define TPI_DEVTYPE_SubType_Msk            (0xFUL /*<< TPI_DEVTYPE_SubType_Pos*/)      /*!< TPI DEV
1205:CMSIS/Include/../include/core_cm4.h **** 
1206:CMSIS/Include/../include/core_cm4.h **** #define TPI_DEVTYPE_MajorType_Pos           0U                                         /*!< TPI DEV
1207:CMSIS/Include/../include/core_cm4.h **** #define TPI_DEVTYPE_MajorType_Msk          (0xFUL << TPI_DEVTYPE_MajorType_Pos)        /*!< TPI DEV
1208:CMSIS/Include/../include/core_cm4.h **** 
1209:CMSIS/Include/../include/core_cm4.h **** /*@}*/ /* end of group CMSIS_TPI */
1210:CMSIS/Include/../include/core_cm4.h **** 
1211:CMSIS/Include/../include/core_cm4.h **** 
1212:CMSIS/Include/../include/core_cm4.h **** #if defined (__MPU_PRESENT) && (__MPU_PRESENT == 1U)
1213:CMSIS/Include/../include/core_cm4.h **** /**
1214:CMSIS/Include/../include/core_cm4.h ****   \ingroup  CMSIS_core_register
1215:CMSIS/Include/../include/core_cm4.h ****   \defgroup CMSIS_MPU     Memory Protection Unit (MPU)
1216:CMSIS/Include/../include/core_cm4.h ****   \brief    Type definitions for the Memory Protection Unit (MPU)
1217:CMSIS/Include/../include/core_cm4.h ****   @{
1218:CMSIS/Include/../include/core_cm4.h ****  */
1219:CMSIS/Include/../include/core_cm4.h **** 
1220:CMSIS/Include/../include/core_cm4.h **** /**
1221:CMSIS/Include/../include/core_cm4.h ****   \brief  Structure type to access the Memory Protection Unit (MPU).
1222:CMSIS/Include/../include/core_cm4.h ****  */
1223:CMSIS/Include/../include/core_cm4.h **** typedef struct
1224:CMSIS/Include/../include/core_cm4.h **** {
1225:CMSIS/Include/../include/core_cm4.h ****   __IM  uint32_t TYPE;                   /*!< Offset: 0x000 (R/ )  MPU Type Register */
1226:CMSIS/Include/../include/core_cm4.h ****   __IOM uint32_t CTRL;                   /*!< Offset: 0x004 (R/W)  MPU Control Register */
1227:CMSIS/Include/../include/core_cm4.h ****   __IOM uint32_t RNR;                    /*!< Offset: 0x008 (R/W)  MPU Region RNRber Register */
1228:CMSIS/Include/../include/core_cm4.h ****   __IOM uint32_t RBAR;                   /*!< Offset: 0x00C (R/W)  MPU Region Base Address Register
1229:CMSIS/Include/../include/core_cm4.h ****   __IOM uint32_t RASR;                   /*!< Offset: 0x010 (R/W)  MPU Region Attribute and Size Re
1230:CMSIS/Include/../include/core_cm4.h ****   __IOM uint32_t RBAR_A1;                /*!< Offset: 0x014 (R/W)  MPU Alias 1 Region Base Address 
1231:CMSIS/Include/../include/core_cm4.h ****   __IOM uint32_t RASR_A1;                /*!< Offset: 0x018 (R/W)  MPU Alias 1 Region Attribute and
1232:CMSIS/Include/../include/core_cm4.h ****   __IOM uint32_t RBAR_A2;                /*!< Offset: 0x01C (R/W)  MPU Alias 2 Region Base Address 
1233:CMSIS/Include/../include/core_cm4.h ****   __IOM uint32_t RASR_A2;                /*!< Offset: 0x020 (R/W)  MPU Alias 2 Region Attribute and
1234:CMSIS/Include/../include/core_cm4.h ****   __IOM uint32_t RBAR_A3;                /*!< Offset: 0x024 (R/W)  MPU Alias 3 Region Base Address 
1235:CMSIS/Include/../include/core_cm4.h ****   __IOM uint32_t RASR_A3;                /*!< Offset: 0x028 (R/W)  MPU Alias 3 Region Attribute and
1236:CMSIS/Include/../include/core_cm4.h **** } MPU_Type;
1237:CMSIS/Include/../include/core_cm4.h **** 
1238:CMSIS/Include/../include/core_cm4.h **** #define MPU_TYPE_RALIASES                  4U
1239:CMSIS/Include/../include/core_cm4.h **** 
1240:CMSIS/Include/../include/core_cm4.h **** /* MPU Type Register Definitions */
1241:CMSIS/Include/../include/core_cm4.h **** #define MPU_TYPE_IREGION_Pos               16U                                            /*!< MPU 
1242:CMSIS/Include/../include/core_cm4.h **** #define MPU_TYPE_IREGION_Msk               (0xFFUL << MPU_TYPE_IREGION_Pos)               /*!< MPU 
ARM GAS  C:\Users\VICTUS\AppData\Local\Temp\ccpxTj10.s 			page 35


1243:CMSIS/Include/../include/core_cm4.h **** 
1244:CMSIS/Include/../include/core_cm4.h **** #define MPU_TYPE_DREGION_Pos                8U                                            /*!< MPU 
1245:CMSIS/Include/../include/core_cm4.h **** #define MPU_TYPE_DREGION_Msk               (0xFFUL << MPU_TYPE_DREGION_Pos)               /*!< MPU 
1246:CMSIS/Include/../include/core_cm4.h **** 
1247:CMSIS/Include/../include/core_cm4.h **** #define MPU_TYPE_SEPARATE_Pos               0U                                            /*!< MPU 
1248:CMSIS/Include/../include/core_cm4.h **** #define MPU_TYPE_SEPARATE_Msk              (1UL /*<< MPU_TYPE_SEPARATE_Pos*/)             /*!< MPU 
1249:CMSIS/Include/../include/core_cm4.h **** 
1250:CMSIS/Include/../include/core_cm4.h **** /* MPU Control Register Definitions */
1251:CMSIS/Include/../include/core_cm4.h **** #define MPU_CTRL_PRIVDEFENA_Pos             2U                                            /*!< MPU 
1252:CMSIS/Include/../include/core_cm4.h **** #define MPU_CTRL_PRIVDEFENA_Msk            (1UL << MPU_CTRL_PRIVDEFENA_Pos)               /*!< MPU 
1253:CMSIS/Include/../include/core_cm4.h **** 
1254:CMSIS/Include/../include/core_cm4.h **** #define MPU_CTRL_HFNMIENA_Pos               1U                                            /*!< MPU 
1255:CMSIS/Include/../include/core_cm4.h **** #define MPU_CTRL_HFNMIENA_Msk              (1UL << MPU_CTRL_HFNMIENA_Pos)                 /*!< MPU 
1256:CMSIS/Include/../include/core_cm4.h **** 
1257:CMSIS/Include/../include/core_cm4.h **** #define MPU_CTRL_ENABLE_Pos                 0U                                            /*!< MPU 
1258:CMSIS/Include/../include/core_cm4.h **** #define MPU_CTRL_ENABLE_Msk                (1UL /*<< MPU_CTRL_ENABLE_Pos*/)               /*!< MPU 
1259:CMSIS/Include/../include/core_cm4.h **** 
1260:CMSIS/Include/../include/core_cm4.h **** /* MPU Region Number Register Definitions */
1261:CMSIS/Include/../include/core_cm4.h **** #define MPU_RNR_REGION_Pos                  0U                                            /*!< MPU 
1262:CMSIS/Include/../include/core_cm4.h **** #define MPU_RNR_REGION_Msk                 (0xFFUL /*<< MPU_RNR_REGION_Pos*/)             /*!< MPU 
1263:CMSIS/Include/../include/core_cm4.h **** 
1264:CMSIS/Include/../include/core_cm4.h **** /* MPU Region Base Address Register Definitions */
1265:CMSIS/Include/../include/core_cm4.h **** #define MPU_RBAR_ADDR_Pos                   5U                                            /*!< MPU 
1266:CMSIS/Include/../include/core_cm4.h **** #define MPU_RBAR_ADDR_Msk                  (0x7FFFFFFUL << MPU_RBAR_ADDR_Pos)             /*!< MPU 
1267:CMSIS/Include/../include/core_cm4.h **** 
1268:CMSIS/Include/../include/core_cm4.h **** #define MPU_RBAR_VALID_Pos                  4U                                            /*!< MPU 
1269:CMSIS/Include/../include/core_cm4.h **** #define MPU_RBAR_VALID_Msk                 (1UL << MPU_RBAR_VALID_Pos)                    /*!< MPU 
1270:CMSIS/Include/../include/core_cm4.h **** 
1271:CMSIS/Include/../include/core_cm4.h **** #define MPU_RBAR_REGION_Pos                 0U                                            /*!< MPU 
1272:CMSIS/Include/../include/core_cm4.h **** #define MPU_RBAR_REGION_Msk                (0xFUL /*<< MPU_RBAR_REGION_Pos*/)             /*!< MPU 
1273:CMSIS/Include/../include/core_cm4.h **** 
1274:CMSIS/Include/../include/core_cm4.h **** /* MPU Region Attribute and Size Register Definitions */
1275:CMSIS/Include/../include/core_cm4.h **** #define MPU_RASR_ATTRS_Pos                 16U                                            /*!< MPU 
1276:CMSIS/Include/../include/core_cm4.h **** #define MPU_RASR_ATTRS_Msk                 (0xFFFFUL << MPU_RASR_ATTRS_Pos)               /*!< MPU 
1277:CMSIS/Include/../include/core_cm4.h **** 
1278:CMSIS/Include/../include/core_cm4.h **** #define MPU_RASR_XN_Pos                    28U                                            /*!< MPU 
1279:CMSIS/Include/../include/core_cm4.h **** #define MPU_RASR_XN_Msk                    (1UL << MPU_RASR_XN_Pos)                       /*!< MPU 
1280:CMSIS/Include/../include/core_cm4.h **** 
1281:CMSIS/Include/../include/core_cm4.h **** #define MPU_RASR_AP_Pos                    24U                                            /*!< MPU 
1282:CMSIS/Include/../include/core_cm4.h **** #define MPU_RASR_AP_Msk                    (0x7UL << MPU_RASR_AP_Pos)                     /*!< MPU 
1283:CMSIS/Include/../include/core_cm4.h **** 
1284:CMSIS/Include/../include/core_cm4.h **** #define MPU_RASR_TEX_Pos                   19U                                            /*!< MPU 
1285:CMSIS/Include/../include/core_cm4.h **** #define MPU_RASR_TEX_Msk                   (0x7UL << MPU_RASR_TEX_Pos)                    /*!< MPU 
1286:CMSIS/Include/../include/core_cm4.h **** 
1287:CMSIS/Include/../include/core_cm4.h **** #define MPU_RASR_S_Pos                     18U                                            /*!< MPU 
1288:CMSIS/Include/../include/core_cm4.h **** #define MPU_RASR_S_Msk                     (1UL << MPU_RASR_S_Pos)                        /*!< MPU 
1289:CMSIS/Include/../include/core_cm4.h **** 
1290:CMSIS/Include/../include/core_cm4.h **** #define MPU_RASR_C_Pos                     17U                                            /*!< MPU 
1291:CMSIS/Include/../include/core_cm4.h **** #define MPU_RASR_C_Msk                     (1UL << MPU_RASR_C_Pos)                        /*!< MPU 
1292:CMSIS/Include/../include/core_cm4.h **** 
1293:CMSIS/Include/../include/core_cm4.h **** #define MPU_RASR_B_Pos                     16U                                            /*!< MPU 
1294:CMSIS/Include/../include/core_cm4.h **** #define MPU_RASR_B_Msk                     (1UL << MPU_RASR_B_Pos)                        /*!< MPU 
1295:CMSIS/Include/../include/core_cm4.h **** 
1296:CMSIS/Include/../include/core_cm4.h **** #define MPU_RASR_SRD_Pos                    8U                                            /*!< MPU 
1297:CMSIS/Include/../include/core_cm4.h **** #define MPU_RASR_SRD_Msk                   (0xFFUL << MPU_RASR_SRD_Pos)                   /*!< MPU 
1298:CMSIS/Include/../include/core_cm4.h **** 
1299:CMSIS/Include/../include/core_cm4.h **** #define MPU_RASR_SIZE_Pos                   1U                                            /*!< MPU 
ARM GAS  C:\Users\VICTUS\AppData\Local\Temp\ccpxTj10.s 			page 36


1300:CMSIS/Include/../include/core_cm4.h **** #define MPU_RASR_SIZE_Msk                  (0x1FUL << MPU_RASR_SIZE_Pos)                  /*!< MPU 
1301:CMSIS/Include/../include/core_cm4.h **** 
1302:CMSIS/Include/../include/core_cm4.h **** #define MPU_RASR_ENABLE_Pos                 0U                                            /*!< MPU 
1303:CMSIS/Include/../include/core_cm4.h **** #define MPU_RASR_ENABLE_Msk                (1UL /*<< MPU_RASR_ENABLE_Pos*/)               /*!< MPU 
1304:CMSIS/Include/../include/core_cm4.h **** 
1305:CMSIS/Include/../include/core_cm4.h **** /*@} end of group CMSIS_MPU */
1306:CMSIS/Include/../include/core_cm4.h **** #endif /* defined (__MPU_PRESENT) && (__MPU_PRESENT == 1U) */
1307:CMSIS/Include/../include/core_cm4.h **** 
1308:CMSIS/Include/../include/core_cm4.h **** 
1309:CMSIS/Include/../include/core_cm4.h **** /**
1310:CMSIS/Include/../include/core_cm4.h ****   \ingroup  CMSIS_core_register
1311:CMSIS/Include/../include/core_cm4.h ****   \defgroup CMSIS_FPU     Floating Point Unit (FPU)
1312:CMSIS/Include/../include/core_cm4.h ****   \brief    Type definitions for the Floating Point Unit (FPU)
1313:CMSIS/Include/../include/core_cm4.h ****   @{
1314:CMSIS/Include/../include/core_cm4.h ****  */
1315:CMSIS/Include/../include/core_cm4.h **** 
1316:CMSIS/Include/../include/core_cm4.h **** /**
1317:CMSIS/Include/../include/core_cm4.h ****   \brief  Structure type to access the Floating Point Unit (FPU).
1318:CMSIS/Include/../include/core_cm4.h ****  */
1319:CMSIS/Include/../include/core_cm4.h **** typedef struct
1320:CMSIS/Include/../include/core_cm4.h **** {
1321:CMSIS/Include/../include/core_cm4.h ****         uint32_t RESERVED0[1U];
1322:CMSIS/Include/../include/core_cm4.h ****   __IOM uint32_t FPCCR;                  /*!< Offset: 0x004 (R/W)  Floating-Point Context Control R
1323:CMSIS/Include/../include/core_cm4.h ****   __IOM uint32_t FPCAR;                  /*!< Offset: 0x008 (R/W)  Floating-Point Context Address R
1324:CMSIS/Include/../include/core_cm4.h ****   __IOM uint32_t FPDSCR;                 /*!< Offset: 0x00C (R/W)  Floating-Point Default Status Co
1325:CMSIS/Include/../include/core_cm4.h ****   __IM  uint32_t MVFR0;                  /*!< Offset: 0x010 (R/ )  Media and FP Feature Register 0 
1326:CMSIS/Include/../include/core_cm4.h ****   __IM  uint32_t MVFR1;                  /*!< Offset: 0x014 (R/ )  Media and FP Feature Register 1 
1327:CMSIS/Include/../include/core_cm4.h **** } FPU_Type;
1328:CMSIS/Include/../include/core_cm4.h **** 
1329:CMSIS/Include/../include/core_cm4.h **** /* Floating-Point Context Control Register Definitions */
1330:CMSIS/Include/../include/core_cm4.h **** #define FPU_FPCCR_ASPEN_Pos                31U                                            /*!< FPCC
1331:CMSIS/Include/../include/core_cm4.h **** #define FPU_FPCCR_ASPEN_Msk                (1UL << FPU_FPCCR_ASPEN_Pos)                   /*!< FPCC
1332:CMSIS/Include/../include/core_cm4.h **** 
1333:CMSIS/Include/../include/core_cm4.h **** #define FPU_FPCCR_LSPEN_Pos                30U                                            /*!< FPCC
1334:CMSIS/Include/../include/core_cm4.h **** #define FPU_FPCCR_LSPEN_Msk                (1UL << FPU_FPCCR_LSPEN_Pos)                   /*!< FPCC
1335:CMSIS/Include/../include/core_cm4.h **** 
1336:CMSIS/Include/../include/core_cm4.h **** #define FPU_FPCCR_MONRDY_Pos                8U                                            /*!< FPCC
1337:CMSIS/Include/../include/core_cm4.h **** #define FPU_FPCCR_MONRDY_Msk               (1UL << FPU_FPCCR_MONRDY_Pos)                  /*!< FPCC
1338:CMSIS/Include/../include/core_cm4.h **** 
1339:CMSIS/Include/../include/core_cm4.h **** #define FPU_FPCCR_BFRDY_Pos                 6U                                            /*!< FPCC
1340:CMSIS/Include/../include/core_cm4.h **** #define FPU_FPCCR_BFRDY_Msk                (1UL << FPU_FPCCR_BFRDY_Pos)                   /*!< FPCC
1341:CMSIS/Include/../include/core_cm4.h **** 
1342:CMSIS/Include/../include/core_cm4.h **** #define FPU_FPCCR_MMRDY_Pos                 5U                                            /*!< FPCC
1343:CMSIS/Include/../include/core_cm4.h **** #define FPU_FPCCR_MMRDY_Msk                (1UL << FPU_FPCCR_MMRDY_Pos)                   /*!< FPCC
1344:CMSIS/Include/../include/core_cm4.h **** 
1345:CMSIS/Include/../include/core_cm4.h **** #define FPU_FPCCR_HFRDY_Pos                 4U                                            /*!< FPCC
1346:CMSIS/Include/../include/core_cm4.h **** #define FPU_FPCCR_HFRDY_Msk                (1UL << FPU_FPCCR_HFRDY_Pos)                   /*!< FPCC
1347:CMSIS/Include/../include/core_cm4.h **** 
1348:CMSIS/Include/../include/core_cm4.h **** #define FPU_FPCCR_THREAD_Pos                3U                                            /*!< FPCC
1349:CMSIS/Include/../include/core_cm4.h **** #define FPU_FPCCR_THREAD_Msk               (1UL << FPU_FPCCR_THREAD_Pos)                  /*!< FPCC
1350:CMSIS/Include/../include/core_cm4.h **** 
1351:CMSIS/Include/../include/core_cm4.h **** #define FPU_FPCCR_USER_Pos                  1U                                            /*!< FPCC
1352:CMSIS/Include/../include/core_cm4.h **** #define FPU_FPCCR_USER_Msk                 (1UL << FPU_FPCCR_USER_Pos)                    /*!< FPCC
1353:CMSIS/Include/../include/core_cm4.h **** 
1354:CMSIS/Include/../include/core_cm4.h **** #define FPU_FPCCR_LSPACT_Pos                0U                                            /*!< FPCC
1355:CMSIS/Include/../include/core_cm4.h **** #define FPU_FPCCR_LSPACT_Msk               (1UL /*<< FPU_FPCCR_LSPACT_Pos*/)              /*!< FPCC
1356:CMSIS/Include/../include/core_cm4.h **** 
ARM GAS  C:\Users\VICTUS\AppData\Local\Temp\ccpxTj10.s 			page 37


1357:CMSIS/Include/../include/core_cm4.h **** /* Floating-Point Context Address Register Definitions */
1358:CMSIS/Include/../include/core_cm4.h **** #define FPU_FPCAR_ADDRESS_Pos               3U                                            /*!< FPCA
1359:CMSIS/Include/../include/core_cm4.h **** #define FPU_FPCAR_ADDRESS_Msk              (0x1FFFFFFFUL << FPU_FPCAR_ADDRESS_Pos)        /*!< FPCA
1360:CMSIS/Include/../include/core_cm4.h **** 
1361:CMSIS/Include/../include/core_cm4.h **** /* Floating-Point Default Status Control Register Definitions */
1362:CMSIS/Include/../include/core_cm4.h **** #define FPU_FPDSCR_AHP_Pos                 26U                                            /*!< FPDS
1363:CMSIS/Include/../include/core_cm4.h **** #define FPU_FPDSCR_AHP_Msk                 (1UL << FPU_FPDSCR_AHP_Pos)                    /*!< FPDS
1364:CMSIS/Include/../include/core_cm4.h **** 
1365:CMSIS/Include/../include/core_cm4.h **** #define FPU_FPDSCR_DN_Pos                  25U                                            /*!< FPDS
1366:CMSIS/Include/../include/core_cm4.h **** #define FPU_FPDSCR_DN_Msk                  (1UL << FPU_FPDSCR_DN_Pos)                     /*!< FPDS
1367:CMSIS/Include/../include/core_cm4.h **** 
1368:CMSIS/Include/../include/core_cm4.h **** #define FPU_FPDSCR_FZ_Pos                  24U                                            /*!< FPDS
1369:CMSIS/Include/../include/core_cm4.h **** #define FPU_FPDSCR_FZ_Msk                  (1UL << FPU_FPDSCR_FZ_Pos)                     /*!< FPDS
1370:CMSIS/Include/../include/core_cm4.h **** 
1371:CMSIS/Include/../include/core_cm4.h **** #define FPU_FPDSCR_RMode_Pos               22U                                            /*!< FPDS
1372:CMSIS/Include/../include/core_cm4.h **** #define FPU_FPDSCR_RMode_Msk               (3UL << FPU_FPDSCR_RMode_Pos)                  /*!< FPDS
1373:CMSIS/Include/../include/core_cm4.h **** 
1374:CMSIS/Include/../include/core_cm4.h **** /* Media and FP Feature Register 0 Definitions */
1375:CMSIS/Include/../include/core_cm4.h **** #define FPU_MVFR0_FP_rounding_modes_Pos    28U                                            /*!< MVFR
1376:CMSIS/Include/../include/core_cm4.h **** #define FPU_MVFR0_FP_rounding_modes_Msk    (0xFUL << FPU_MVFR0_FP_rounding_modes_Pos)     /*!< MVFR
1377:CMSIS/Include/../include/core_cm4.h **** 
1378:CMSIS/Include/../include/core_cm4.h **** #define FPU_MVFR0_Short_vectors_Pos        24U                                            /*!< MVFR
1379:CMSIS/Include/../include/core_cm4.h **** #define FPU_MVFR0_Short_vectors_Msk        (0xFUL << FPU_MVFR0_Short_vectors_Pos)         /*!< MVFR
1380:CMSIS/Include/../include/core_cm4.h **** 
1381:CMSIS/Include/../include/core_cm4.h **** #define FPU_MVFR0_Square_root_Pos          20U                                            /*!< MVFR
1382:CMSIS/Include/../include/core_cm4.h **** #define FPU_MVFR0_Square_root_Msk          (0xFUL << FPU_MVFR0_Square_root_Pos)           /*!< MVFR
1383:CMSIS/Include/../include/core_cm4.h **** 
1384:CMSIS/Include/../include/core_cm4.h **** #define FPU_MVFR0_Divide_Pos               16U                                            /*!< MVFR
1385:CMSIS/Include/../include/core_cm4.h **** #define FPU_MVFR0_Divide_Msk               (0xFUL << FPU_MVFR0_Divide_Pos)                /*!< MVFR
1386:CMSIS/Include/../include/core_cm4.h **** 
1387:CMSIS/Include/../include/core_cm4.h **** #define FPU_MVFR0_FP_excep_trapping_Pos    12U                                            /*!< MVFR
1388:CMSIS/Include/../include/core_cm4.h **** #define FPU_MVFR0_FP_excep_trapping_Msk    (0xFUL << FPU_MVFR0_FP_excep_trapping_Pos)     /*!< MVFR
1389:CMSIS/Include/../include/core_cm4.h **** 
1390:CMSIS/Include/../include/core_cm4.h **** #define FPU_MVFR0_Double_precision_Pos      8U                                            /*!< MVFR
1391:CMSIS/Include/../include/core_cm4.h **** #define FPU_MVFR0_Double_precision_Msk     (0xFUL << FPU_MVFR0_Double_precision_Pos)      /*!< MVFR
1392:CMSIS/Include/../include/core_cm4.h **** 
1393:CMSIS/Include/../include/core_cm4.h **** #define FPU_MVFR0_Single_precision_Pos      4U                                            /*!< MVFR
1394:CMSIS/Include/../include/core_cm4.h **** #define FPU_MVFR0_Single_precision_Msk     (0xFUL << FPU_MVFR0_Single_precision_Pos)      /*!< MVFR
1395:CMSIS/Include/../include/core_cm4.h **** 
1396:CMSIS/Include/../include/core_cm4.h **** #define FPU_MVFR0_A_SIMD_registers_Pos      0U                                            /*!< MVFR
1397:CMSIS/Include/../include/core_cm4.h **** #define FPU_MVFR0_A_SIMD_registers_Msk     (0xFUL /*<< FPU_MVFR0_A_SIMD_registers_Pos*/)  /*!< MVFR
1398:CMSIS/Include/../include/core_cm4.h **** 
1399:CMSIS/Include/../include/core_cm4.h **** /* Media and FP Feature Register 1 Definitions */
1400:CMSIS/Include/../include/core_cm4.h **** #define FPU_MVFR1_FP_fused_MAC_Pos         28U                                            /*!< MVFR
1401:CMSIS/Include/../include/core_cm4.h **** #define FPU_MVFR1_FP_fused_MAC_Msk         (0xFUL << FPU_MVFR1_FP_fused_MAC_Pos)          /*!< MVFR
1402:CMSIS/Include/../include/core_cm4.h **** 
1403:CMSIS/Include/../include/core_cm4.h **** #define FPU_MVFR1_FP_HPFP_Pos              24U                                            /*!< MVFR
1404:CMSIS/Include/../include/core_cm4.h **** #define FPU_MVFR1_FP_HPFP_Msk              (0xFUL << FPU_MVFR1_FP_HPFP_Pos)               /*!< MVFR
1405:CMSIS/Include/../include/core_cm4.h **** 
1406:CMSIS/Include/../include/core_cm4.h **** #define FPU_MVFR1_D_NaN_mode_Pos            4U                                            /*!< MVFR
1407:CMSIS/Include/../include/core_cm4.h **** #define FPU_MVFR1_D_NaN_mode_Msk           (0xFUL << FPU_MVFR1_D_NaN_mode_Pos)            /*!< MVFR
1408:CMSIS/Include/../include/core_cm4.h **** 
1409:CMSIS/Include/../include/core_cm4.h **** #define FPU_MVFR1_FtZ_mode_Pos              0U                                            /*!< MVFR
1410:CMSIS/Include/../include/core_cm4.h **** #define FPU_MVFR1_FtZ_mode_Msk             (0xFUL /*<< FPU_MVFR1_FtZ_mode_Pos*/)          /*!< MVFR
1411:CMSIS/Include/../include/core_cm4.h **** 
1412:CMSIS/Include/../include/core_cm4.h **** /*@} end of group CMSIS_FPU */
1413:CMSIS/Include/../include/core_cm4.h **** 
ARM GAS  C:\Users\VICTUS\AppData\Local\Temp\ccpxTj10.s 			page 38


1414:CMSIS/Include/../include/core_cm4.h **** 
1415:CMSIS/Include/../include/core_cm4.h **** /**
1416:CMSIS/Include/../include/core_cm4.h ****   \ingroup  CMSIS_core_register
1417:CMSIS/Include/../include/core_cm4.h ****   \defgroup CMSIS_CoreDebug       Core Debug Registers (CoreDebug)
1418:CMSIS/Include/../include/core_cm4.h ****   \brief    Type definitions for the Core Debug Registers
1419:CMSIS/Include/../include/core_cm4.h ****   @{
1420:CMSIS/Include/../include/core_cm4.h ****  */
1421:CMSIS/Include/../include/core_cm4.h **** 
1422:CMSIS/Include/../include/core_cm4.h **** /**
1423:CMSIS/Include/../include/core_cm4.h ****   \brief  Structure type to access the Core Debug Register (CoreDebug).
1424:CMSIS/Include/../include/core_cm4.h ****  */
1425:CMSIS/Include/../include/core_cm4.h **** typedef struct
1426:CMSIS/Include/../include/core_cm4.h **** {
1427:CMSIS/Include/../include/core_cm4.h ****   __IOM uint32_t DHCSR;                  /*!< Offset: 0x000 (R/W)  Debug Halting Control and Status
1428:CMSIS/Include/../include/core_cm4.h ****   __OM  uint32_t DCRSR;                  /*!< Offset: 0x004 ( /W)  Debug Core Register Selector Reg
1429:CMSIS/Include/../include/core_cm4.h ****   __IOM uint32_t DCRDR;                  /*!< Offset: 0x008 (R/W)  Debug Core Register Data Registe
1430:CMSIS/Include/../include/core_cm4.h ****   __IOM uint32_t DEMCR;                  /*!< Offset: 0x00C (R/W)  Debug Exception and Monitor Cont
1431:CMSIS/Include/../include/core_cm4.h **** } CoreDebug_Type;
1432:CMSIS/Include/../include/core_cm4.h **** 
1433:CMSIS/Include/../include/core_cm4.h **** /* Debug Halting Control and Status Register Definitions */
1434:CMSIS/Include/../include/core_cm4.h **** #define CoreDebug_DHCSR_DBGKEY_Pos         16U                                            /*!< Core
1435:CMSIS/Include/../include/core_cm4.h **** #define CoreDebug_DHCSR_DBGKEY_Msk         (0xFFFFUL << CoreDebug_DHCSR_DBGKEY_Pos)       /*!< Core
1436:CMSIS/Include/../include/core_cm4.h **** 
1437:CMSIS/Include/../include/core_cm4.h **** #define CoreDebug_DHCSR_S_RESET_ST_Pos     25U                                            /*!< Core
1438:CMSIS/Include/../include/core_cm4.h **** #define CoreDebug_DHCSR_S_RESET_ST_Msk     (1UL << CoreDebug_DHCSR_S_RESET_ST_Pos)        /*!< Core
1439:CMSIS/Include/../include/core_cm4.h **** 
1440:CMSIS/Include/../include/core_cm4.h **** #define CoreDebug_DHCSR_S_RETIRE_ST_Pos    24U                                            /*!< Core
1441:CMSIS/Include/../include/core_cm4.h **** #define CoreDebug_DHCSR_S_RETIRE_ST_Msk    (1UL << CoreDebug_DHCSR_S_RETIRE_ST_Pos)       /*!< Core
1442:CMSIS/Include/../include/core_cm4.h **** 
1443:CMSIS/Include/../include/core_cm4.h **** #define CoreDebug_DHCSR_S_LOCKUP_Pos       19U                                            /*!< Core
1444:CMSIS/Include/../include/core_cm4.h **** #define CoreDebug_DHCSR_S_LOCKUP_Msk       (1UL << CoreDebug_DHCSR_S_LOCKUP_Pos)          /*!< Core
1445:CMSIS/Include/../include/core_cm4.h **** 
1446:CMSIS/Include/../include/core_cm4.h **** #define CoreDebug_DHCSR_S_SLEEP_Pos        18U                                            /*!< Core
1447:CMSIS/Include/../include/core_cm4.h **** #define CoreDebug_DHCSR_S_SLEEP_Msk        (1UL << CoreDebug_DHCSR_S_SLEEP_Pos)           /*!< Core
1448:CMSIS/Include/../include/core_cm4.h **** 
1449:CMSIS/Include/../include/core_cm4.h **** #define CoreDebug_DHCSR_S_HALT_Pos         17U                                            /*!< Core
1450:CMSIS/Include/../include/core_cm4.h **** #define CoreDebug_DHCSR_S_HALT_Msk         (1UL << CoreDebug_DHCSR_S_HALT_Pos)            /*!< Core
1451:CMSIS/Include/../include/core_cm4.h **** 
1452:CMSIS/Include/../include/core_cm4.h **** #define CoreDebug_DHCSR_S_REGRDY_Pos       16U                                            /*!< Core
1453:CMSIS/Include/../include/core_cm4.h **** #define CoreDebug_DHCSR_S_REGRDY_Msk       (1UL << CoreDebug_DHCSR_S_REGRDY_Pos)          /*!< Core
1454:CMSIS/Include/../include/core_cm4.h **** 
1455:CMSIS/Include/../include/core_cm4.h **** #define CoreDebug_DHCSR_C_SNAPSTALL_Pos     5U                                            /*!< Core
1456:CMSIS/Include/../include/core_cm4.h **** #define CoreDebug_DHCSR_C_SNAPSTALL_Msk    (1UL << CoreDebug_DHCSR_C_SNAPSTALL_Pos)       /*!< Core
1457:CMSIS/Include/../include/core_cm4.h **** 
1458:CMSIS/Include/../include/core_cm4.h **** #define CoreDebug_DHCSR_C_MASKINTS_Pos      3U                                            /*!< Core
1459:CMSIS/Include/../include/core_cm4.h **** #define CoreDebug_DHCSR_C_MASKINTS_Msk     (1UL << CoreDebug_DHCSR_C_MASKINTS_Pos)        /*!< Core
1460:CMSIS/Include/../include/core_cm4.h **** 
1461:CMSIS/Include/../include/core_cm4.h **** #define CoreDebug_DHCSR_C_STEP_Pos          2U                                            /*!< Core
1462:CMSIS/Include/../include/core_cm4.h **** #define CoreDebug_DHCSR_C_STEP_Msk         (1UL << CoreDebug_DHCSR_C_STEP_Pos)            /*!< Core
1463:CMSIS/Include/../include/core_cm4.h **** 
1464:CMSIS/Include/../include/core_cm4.h **** #define CoreDebug_DHCSR_C_HALT_Pos          1U                                            /*!< Core
1465:CMSIS/Include/../include/core_cm4.h **** #define CoreDebug_DHCSR_C_HALT_Msk         (1UL << CoreDebug_DHCSR_C_HALT_Pos)            /*!< Core
1466:CMSIS/Include/../include/core_cm4.h **** 
1467:CMSIS/Include/../include/core_cm4.h **** #define CoreDebug_DHCSR_C_DEBUGEN_Pos       0U                                            /*!< Core
1468:CMSIS/Include/../include/core_cm4.h **** #define CoreDebug_DHCSR_C_DEBUGEN_Msk      (1UL /*<< CoreDebug_DHCSR_C_DEBUGEN_Pos*/)     /*!< Core
1469:CMSIS/Include/../include/core_cm4.h **** 
1470:CMSIS/Include/../include/core_cm4.h **** /* Debug Core Register Selector Register Definitions */
ARM GAS  C:\Users\VICTUS\AppData\Local\Temp\ccpxTj10.s 			page 39


1471:CMSIS/Include/../include/core_cm4.h **** #define CoreDebug_DCRSR_REGWnR_Pos         16U                                            /*!< Core
1472:CMSIS/Include/../include/core_cm4.h **** #define CoreDebug_DCRSR_REGWnR_Msk         (1UL << CoreDebug_DCRSR_REGWnR_Pos)            /*!< Core
1473:CMSIS/Include/../include/core_cm4.h **** 
1474:CMSIS/Include/../include/core_cm4.h **** #define CoreDebug_DCRSR_REGSEL_Pos          0U                                            /*!< Core
1475:CMSIS/Include/../include/core_cm4.h **** #define CoreDebug_DCRSR_REGSEL_Msk         (0x1FUL /*<< CoreDebug_DCRSR_REGSEL_Pos*/)     /*!< Core
1476:CMSIS/Include/../include/core_cm4.h **** 
1477:CMSIS/Include/../include/core_cm4.h **** /* Debug Exception and Monitor Control Register Definitions */
1478:CMSIS/Include/../include/core_cm4.h **** #define CoreDebug_DEMCR_TRCENA_Pos         24U                                            /*!< Core
1479:CMSIS/Include/../include/core_cm4.h **** #define CoreDebug_DEMCR_TRCENA_Msk         (1UL << CoreDebug_DEMCR_TRCENA_Pos)            /*!< Core
1480:CMSIS/Include/../include/core_cm4.h **** 
1481:CMSIS/Include/../include/core_cm4.h **** #define CoreDebug_DEMCR_MON_REQ_Pos        19U                                            /*!< Core
1482:CMSIS/Include/../include/core_cm4.h **** #define CoreDebug_DEMCR_MON_REQ_Msk        (1UL << CoreDebug_DEMCR_MON_REQ_Pos)           /*!< Core
1483:CMSIS/Include/../include/core_cm4.h **** 
1484:CMSIS/Include/../include/core_cm4.h **** #define CoreDebug_DEMCR_MON_STEP_Pos       18U                                            /*!< Core
1485:CMSIS/Include/../include/core_cm4.h **** #define CoreDebug_DEMCR_MON_STEP_Msk       (1UL << CoreDebug_DEMCR_MON_STEP_Pos)          /*!< Core
1486:CMSIS/Include/../include/core_cm4.h **** 
1487:CMSIS/Include/../include/core_cm4.h **** #define CoreDebug_DEMCR_MON_PEND_Pos       17U                                            /*!< Core
1488:CMSIS/Include/../include/core_cm4.h **** #define CoreDebug_DEMCR_MON_PEND_Msk       (1UL << CoreDebug_DEMCR_MON_PEND_Pos)          /*!< Core
1489:CMSIS/Include/../include/core_cm4.h **** 
1490:CMSIS/Include/../include/core_cm4.h **** #define CoreDebug_DEMCR_MON_EN_Pos         16U                                            /*!< Core
1491:CMSIS/Include/../include/core_cm4.h **** #define CoreDebug_DEMCR_MON_EN_Msk         (1UL << CoreDebug_DEMCR_MON_EN_Pos)            /*!< Core
1492:CMSIS/Include/../include/core_cm4.h **** 
1493:CMSIS/Include/../include/core_cm4.h **** #define CoreDebug_DEMCR_VC_HARDERR_Pos     10U                                            /*!< Core
1494:CMSIS/Include/../include/core_cm4.h **** #define CoreDebug_DEMCR_VC_HARDERR_Msk     (1UL << CoreDebug_DEMCR_VC_HARDERR_Pos)        /*!< Core
1495:CMSIS/Include/../include/core_cm4.h **** 
1496:CMSIS/Include/../include/core_cm4.h **** #define CoreDebug_DEMCR_VC_INTERR_Pos       9U                                            /*!< Core
1497:CMSIS/Include/../include/core_cm4.h **** #define CoreDebug_DEMCR_VC_INTERR_Msk      (1UL << CoreDebug_DEMCR_VC_INTERR_Pos)         /*!< Core
1498:CMSIS/Include/../include/core_cm4.h **** 
1499:CMSIS/Include/../include/core_cm4.h **** #define CoreDebug_DEMCR_VC_BUSERR_Pos       8U                                            /*!< Core
1500:CMSIS/Include/../include/core_cm4.h **** #define CoreDebug_DEMCR_VC_BUSERR_Msk      (1UL << CoreDebug_DEMCR_VC_BUSERR_Pos)         /*!< Core
1501:CMSIS/Include/../include/core_cm4.h **** 
1502:CMSIS/Include/../include/core_cm4.h **** #define CoreDebug_DEMCR_VC_STATERR_Pos      7U                                            /*!< Core
1503:CMSIS/Include/../include/core_cm4.h **** #define CoreDebug_DEMCR_VC_STATERR_Msk     (1UL << CoreDebug_DEMCR_VC_STATERR_Pos)        /*!< Core
1504:CMSIS/Include/../include/core_cm4.h **** 
1505:CMSIS/Include/../include/core_cm4.h **** #define CoreDebug_DEMCR_VC_CHKERR_Pos       6U                                            /*!< Core
1506:CMSIS/Include/../include/core_cm4.h **** #define CoreDebug_DEMCR_VC_CHKERR_Msk      (1UL << CoreDebug_DEMCR_VC_CHKERR_Pos)         /*!< Core
1507:CMSIS/Include/../include/core_cm4.h **** 
1508:CMSIS/Include/../include/core_cm4.h **** #define CoreDebug_DEMCR_VC_NOCPERR_Pos      5U                                            /*!< Core
1509:CMSIS/Include/../include/core_cm4.h **** #define CoreDebug_DEMCR_VC_NOCPERR_Msk     (1UL << CoreDebug_DEMCR_VC_NOCPERR_Pos)        /*!< Core
1510:CMSIS/Include/../include/core_cm4.h **** 
1511:CMSIS/Include/../include/core_cm4.h **** #define CoreDebug_DEMCR_VC_MMERR_Pos        4U                                            /*!< Core
1512:CMSIS/Include/../include/core_cm4.h **** #define CoreDebug_DEMCR_VC_MMERR_Msk       (1UL << CoreDebug_DEMCR_VC_MMERR_Pos)          /*!< Core
1513:CMSIS/Include/../include/core_cm4.h **** 
1514:CMSIS/Include/../include/core_cm4.h **** #define CoreDebug_DEMCR_VC_CORERESET_Pos    0U                                            /*!< Core
1515:CMSIS/Include/../include/core_cm4.h **** #define CoreDebug_DEMCR_VC_CORERESET_Msk   (1UL /*<< CoreDebug_DEMCR_VC_CORERESET_Pos*/)  /*!< Core
1516:CMSIS/Include/../include/core_cm4.h **** 
1517:CMSIS/Include/../include/core_cm4.h **** /*@} end of group CMSIS_CoreDebug */
1518:CMSIS/Include/../include/core_cm4.h **** 
1519:CMSIS/Include/../include/core_cm4.h **** 
1520:CMSIS/Include/../include/core_cm4.h **** /**
1521:CMSIS/Include/../include/core_cm4.h ****   \ingroup    CMSIS_core_register
1522:CMSIS/Include/../include/core_cm4.h ****   \defgroup   CMSIS_core_bitfield     Core register bit field macros
1523:CMSIS/Include/../include/core_cm4.h ****   \brief      Macros for use with bit field definitions (xxx_Pos, xxx_Msk).
1524:CMSIS/Include/../include/core_cm4.h ****   @{
1525:CMSIS/Include/../include/core_cm4.h ****  */
1526:CMSIS/Include/../include/core_cm4.h **** 
1527:CMSIS/Include/../include/core_cm4.h **** /**
ARM GAS  C:\Users\VICTUS\AppData\Local\Temp\ccpxTj10.s 			page 40


1528:CMSIS/Include/../include/core_cm4.h ****   \brief   Mask and shift a bit field value for use in a register bit range.
1529:CMSIS/Include/../include/core_cm4.h ****   \param[in] field  Name of the register bit field.
1530:CMSIS/Include/../include/core_cm4.h ****   \param[in] value  Value of the bit field. This parameter is interpreted as an uint32_t type.
1531:CMSIS/Include/../include/core_cm4.h ****   \return           Masked and shifted value.
1532:CMSIS/Include/../include/core_cm4.h **** */
1533:CMSIS/Include/../include/core_cm4.h **** #define _VAL2FLD(field, value)    (((uint32_t)(value) << field ## _Pos) & field ## _Msk)
1534:CMSIS/Include/../include/core_cm4.h **** 
1535:CMSIS/Include/../include/core_cm4.h **** /**
1536:CMSIS/Include/../include/core_cm4.h ****   \brief     Mask and shift a register value to extract a bit filed value.
1537:CMSIS/Include/../include/core_cm4.h ****   \param[in] field  Name of the register bit field.
1538:CMSIS/Include/../include/core_cm4.h ****   \param[in] value  Value of register. This parameter is interpreted as an uint32_t type.
1539:CMSIS/Include/../include/core_cm4.h ****   \return           Masked and shifted bit field value.
1540:CMSIS/Include/../include/core_cm4.h **** */
1541:CMSIS/Include/../include/core_cm4.h **** #define _FLD2VAL(field, value)    (((uint32_t)(value) & field ## _Msk) >> field ## _Pos)
1542:CMSIS/Include/../include/core_cm4.h **** 
1543:CMSIS/Include/../include/core_cm4.h **** /*@} end of group CMSIS_core_bitfield */
1544:CMSIS/Include/../include/core_cm4.h **** 
1545:CMSIS/Include/../include/core_cm4.h **** 
1546:CMSIS/Include/../include/core_cm4.h **** /**
1547:CMSIS/Include/../include/core_cm4.h ****   \ingroup    CMSIS_core_register
1548:CMSIS/Include/../include/core_cm4.h ****   \defgroup   CMSIS_core_base     Core Definitions
1549:CMSIS/Include/../include/core_cm4.h ****   \brief      Definitions for base addresses, unions, and structures.
1550:CMSIS/Include/../include/core_cm4.h ****   @{
1551:CMSIS/Include/../include/core_cm4.h ****  */
1552:CMSIS/Include/../include/core_cm4.h **** 
1553:CMSIS/Include/../include/core_cm4.h **** /* Memory mapping of Core Hardware */
1554:CMSIS/Include/../include/core_cm4.h **** #define SCS_BASE            (0xE000E000UL)                            /*!< System Control Space Bas
1555:CMSIS/Include/../include/core_cm4.h **** #define ITM_BASE            (0xE0000000UL)                            /*!< ITM Base Address */
1556:CMSIS/Include/../include/core_cm4.h **** #define DWT_BASE            (0xE0001000UL)                            /*!< DWT Base Address */
1557:CMSIS/Include/../include/core_cm4.h **** #define TPI_BASE            (0xE0040000UL)                            /*!< TPI Base Address */
1558:CMSIS/Include/../include/core_cm4.h **** #define CoreDebug_BASE      (0xE000EDF0UL)                            /*!< Core Debug Base Address 
1559:CMSIS/Include/../include/core_cm4.h **** #define SysTick_BASE        (SCS_BASE +  0x0010UL)                    /*!< SysTick Base Address */
1560:CMSIS/Include/../include/core_cm4.h **** #define NVIC_BASE           (SCS_BASE +  0x0100UL)                    /*!< NVIC Base Address */
1561:CMSIS/Include/../include/core_cm4.h **** #define SCB_BASE            (SCS_BASE +  0x0D00UL)                    /*!< System Control Block Bas
1562:CMSIS/Include/../include/core_cm4.h **** 
1563:CMSIS/Include/../include/core_cm4.h **** #define SCnSCB              ((SCnSCB_Type    *)     SCS_BASE      )   /*!< System control Register 
1564:CMSIS/Include/../include/core_cm4.h **** #define SCB                 ((SCB_Type       *)     SCB_BASE      )   /*!< SCB configuration struct
1565:CMSIS/Include/../include/core_cm4.h **** #define SysTick             ((SysTick_Type   *)     SysTick_BASE  )   /*!< SysTick configuration st
1566:CMSIS/Include/../include/core_cm4.h **** #define NVIC                ((NVIC_Type      *)     NVIC_BASE     )   /*!< NVIC configuration struc
1567:CMSIS/Include/../include/core_cm4.h **** #define ITM                 ((ITM_Type       *)     ITM_BASE      )   /*!< ITM configuration struct
1568:CMSIS/Include/../include/core_cm4.h **** #define DWT                 ((DWT_Type       *)     DWT_BASE      )   /*!< DWT configuration struct
1569:CMSIS/Include/../include/core_cm4.h **** #define TPI                 ((TPI_Type       *)     TPI_BASE      )   /*!< TPI configuration struct
1570:CMSIS/Include/../include/core_cm4.h **** #define CoreDebug           ((CoreDebug_Type *)     CoreDebug_BASE)   /*!< Core Debug configuration
1571:CMSIS/Include/../include/core_cm4.h **** 
1572:CMSIS/Include/../include/core_cm4.h **** #if defined (__MPU_PRESENT) && (__MPU_PRESENT == 1U)
1573:CMSIS/Include/../include/core_cm4.h ****   #define MPU_BASE          (SCS_BASE +  0x0D90UL)                    /*!< Memory Protection Unit *
1574:CMSIS/Include/../include/core_cm4.h ****   #define MPU               ((MPU_Type       *)     MPU_BASE      )   /*!< Memory Protection Unit *
1575:CMSIS/Include/../include/core_cm4.h **** #endif
1576:CMSIS/Include/../include/core_cm4.h **** 
1577:CMSIS/Include/../include/core_cm4.h **** #define FPU_BASE            (SCS_BASE +  0x0F30UL)                    /*!< Floating Point Unit */
1578:CMSIS/Include/../include/core_cm4.h **** #define FPU                 ((FPU_Type       *)     FPU_BASE      )   /*!< Floating Point Unit */
1579:CMSIS/Include/../include/core_cm4.h **** 
1580:CMSIS/Include/../include/core_cm4.h **** /*@} */
1581:CMSIS/Include/../include/core_cm4.h **** 
1582:CMSIS/Include/../include/core_cm4.h **** 
1583:CMSIS/Include/../include/core_cm4.h **** 
1584:CMSIS/Include/../include/core_cm4.h **** /*******************************************************************************
ARM GAS  C:\Users\VICTUS\AppData\Local\Temp\ccpxTj10.s 			page 41


1585:CMSIS/Include/../include/core_cm4.h ****  *                Hardware Abstraction Layer
1586:CMSIS/Include/../include/core_cm4.h ****   Core Function Interface contains:
1587:CMSIS/Include/../include/core_cm4.h ****   - Core NVIC Functions
1588:CMSIS/Include/../include/core_cm4.h ****   - Core SysTick Functions
1589:CMSIS/Include/../include/core_cm4.h ****   - Core Debug Functions
1590:CMSIS/Include/../include/core_cm4.h ****   - Core Register Access Functions
1591:CMSIS/Include/../include/core_cm4.h ****  ******************************************************************************/
1592:CMSIS/Include/../include/core_cm4.h **** /**
1593:CMSIS/Include/../include/core_cm4.h ****   \defgroup CMSIS_Core_FunctionInterface Functions and Instructions Reference
1594:CMSIS/Include/../include/core_cm4.h **** */
1595:CMSIS/Include/../include/core_cm4.h **** 
1596:CMSIS/Include/../include/core_cm4.h **** 
1597:CMSIS/Include/../include/core_cm4.h **** 
1598:CMSIS/Include/../include/core_cm4.h **** /* ##########################   NVIC functions  #################################### */
1599:CMSIS/Include/../include/core_cm4.h **** /**
1600:CMSIS/Include/../include/core_cm4.h ****   \ingroup  CMSIS_Core_FunctionInterface
1601:CMSIS/Include/../include/core_cm4.h ****   \defgroup CMSIS_Core_NVICFunctions NVIC Functions
1602:CMSIS/Include/../include/core_cm4.h ****   \brief    Functions that manage interrupts and exceptions via the NVIC.
1603:CMSIS/Include/../include/core_cm4.h ****   @{
1604:CMSIS/Include/../include/core_cm4.h ****  */
1605:CMSIS/Include/../include/core_cm4.h **** 
1606:CMSIS/Include/../include/core_cm4.h **** #ifdef CMSIS_NVIC_VIRTUAL
1607:CMSIS/Include/../include/core_cm4.h ****   #ifndef CMSIS_NVIC_VIRTUAL_HEADER_FILE
1608:CMSIS/Include/../include/core_cm4.h ****     #define CMSIS_NVIC_VIRTUAL_HEADER_FILE "cmsis_nvic_virtual.h"
1609:CMSIS/Include/../include/core_cm4.h ****   #endif
1610:CMSIS/Include/../include/core_cm4.h ****   #include CMSIS_NVIC_VIRTUAL_HEADER_FILE
1611:CMSIS/Include/../include/core_cm4.h **** #else
1612:CMSIS/Include/../include/core_cm4.h ****   #define NVIC_SetPriorityGrouping    __NVIC_SetPriorityGrouping
1613:CMSIS/Include/../include/core_cm4.h ****   #define NVIC_GetPriorityGrouping    __NVIC_GetPriorityGrouping
1614:CMSIS/Include/../include/core_cm4.h ****   #define NVIC_EnableIRQ              __NVIC_EnableIRQ
1615:CMSIS/Include/../include/core_cm4.h ****   #define NVIC_GetEnableIRQ           __NVIC_GetEnableIRQ
1616:CMSIS/Include/../include/core_cm4.h ****   #define NVIC_DisableIRQ             __NVIC_DisableIRQ
1617:CMSIS/Include/../include/core_cm4.h ****   #define NVIC_GetPendingIRQ          __NVIC_GetPendingIRQ
1618:CMSIS/Include/../include/core_cm4.h ****   #define NVIC_SetPendingIRQ          __NVIC_SetPendingIRQ
1619:CMSIS/Include/../include/core_cm4.h ****   #define NVIC_ClearPendingIRQ        __NVIC_ClearPendingIRQ
1620:CMSIS/Include/../include/core_cm4.h ****   #define NVIC_GetActive              __NVIC_GetActive
1621:CMSIS/Include/../include/core_cm4.h ****   #define NVIC_SetPriority            __NVIC_SetPriority
1622:CMSIS/Include/../include/core_cm4.h ****   #define NVIC_GetPriority            __NVIC_GetPriority
1623:CMSIS/Include/../include/core_cm4.h ****   #define NVIC_SystemReset            __NVIC_SystemReset
1624:CMSIS/Include/../include/core_cm4.h **** #endif /* CMSIS_NVIC_VIRTUAL */
1625:CMSIS/Include/../include/core_cm4.h **** 
1626:CMSIS/Include/../include/core_cm4.h **** #ifdef CMSIS_VECTAB_VIRTUAL
1627:CMSIS/Include/../include/core_cm4.h ****   #ifndef CMSIS_VECTAB_VIRTUAL_HEADER_FILE
1628:CMSIS/Include/../include/core_cm4.h ****    #define CMSIS_VECTAB_VIRTUAL_HEADER_FILE "cmsis_vectab_virtual.h"
1629:CMSIS/Include/../include/core_cm4.h ****   #endif
1630:CMSIS/Include/../include/core_cm4.h ****   #include CMSIS_VECTAB_VIRTUAL_HEADER_FILE
1631:CMSIS/Include/../include/core_cm4.h **** #else
1632:CMSIS/Include/../include/core_cm4.h ****   #define NVIC_SetVector              __NVIC_SetVector
1633:CMSIS/Include/../include/core_cm4.h ****   #define NVIC_GetVector              __NVIC_GetVector
1634:CMSIS/Include/../include/core_cm4.h **** #endif  /* (CMSIS_VECTAB_VIRTUAL) */
1635:CMSIS/Include/../include/core_cm4.h **** 
1636:CMSIS/Include/../include/core_cm4.h **** #define NVIC_USER_IRQ_OFFSET          16
1637:CMSIS/Include/../include/core_cm4.h **** 
1638:CMSIS/Include/../include/core_cm4.h **** 
1639:CMSIS/Include/../include/core_cm4.h **** /* The following EXC_RETURN values are saved the LR on exception entry */
1640:CMSIS/Include/../include/core_cm4.h **** #define EXC_RETURN_HANDLER         (0xFFFFFFF1UL)     /* return to Handler mode, uses MSP after ret
1641:CMSIS/Include/../include/core_cm4.h **** #define EXC_RETURN_THREAD_MSP      (0xFFFFFFF9UL)     /* return to Thread mode, uses MSP after retu
ARM GAS  C:\Users\VICTUS\AppData\Local\Temp\ccpxTj10.s 			page 42


1642:CMSIS/Include/../include/core_cm4.h **** #define EXC_RETURN_THREAD_PSP      (0xFFFFFFFDUL)     /* return to Thread mode, uses PSP after retu
1643:CMSIS/Include/../include/core_cm4.h **** #define EXC_RETURN_HANDLER_FPU     (0xFFFFFFE1UL)     /* return to Handler mode, uses MSP after ret
1644:CMSIS/Include/../include/core_cm4.h **** #define EXC_RETURN_THREAD_MSP_FPU  (0xFFFFFFE9UL)     /* return to Thread mode, uses MSP after retu
1645:CMSIS/Include/../include/core_cm4.h **** #define EXC_RETURN_THREAD_PSP_FPU  (0xFFFFFFEDUL)     /* return to Thread mode, uses PSP after retu
1646:CMSIS/Include/../include/core_cm4.h **** 
1647:CMSIS/Include/../include/core_cm4.h **** 
1648:CMSIS/Include/../include/core_cm4.h **** /**
1649:CMSIS/Include/../include/core_cm4.h ****   \brief   Set Priority Grouping
1650:CMSIS/Include/../include/core_cm4.h ****   \details Sets the priority grouping field using the required unlock sequence.
1651:CMSIS/Include/../include/core_cm4.h ****            The parameter PriorityGroup is assigned to the field SCB->AIRCR [10:8] PRIGROUP field.
1652:CMSIS/Include/../include/core_cm4.h ****            Only values from 0..7 are used.
1653:CMSIS/Include/../include/core_cm4.h ****            In case of a conflict between priority grouping and available
1654:CMSIS/Include/../include/core_cm4.h ****            priority bits (__NVIC_PRIO_BITS), the smallest possible priority group is set.
1655:CMSIS/Include/../include/core_cm4.h ****   \param [in]      PriorityGroup  Priority grouping field.
1656:CMSIS/Include/../include/core_cm4.h ****  */
1657:CMSIS/Include/../include/core_cm4.h **** __STATIC_INLINE void __NVIC_SetPriorityGrouping(uint32_t PriorityGroup)
1658:CMSIS/Include/../include/core_cm4.h **** {
1659:CMSIS/Include/../include/core_cm4.h ****   uint32_t reg_value;
1660:CMSIS/Include/../include/core_cm4.h ****   uint32_t PriorityGroupTmp = (PriorityGroup & (uint32_t)0x07UL);             /* only values 0..7 a
1661:CMSIS/Include/../include/core_cm4.h **** 
1662:CMSIS/Include/../include/core_cm4.h ****   reg_value  =  SCB->AIRCR;                                                   /* read old register 
1663:CMSIS/Include/../include/core_cm4.h ****   reg_value &= ~((uint32_t)(SCB_AIRCR_VECTKEY_Msk | SCB_AIRCR_PRIGROUP_Msk)); /* clear bits to chan
1664:CMSIS/Include/../include/core_cm4.h ****   reg_value  =  (reg_value                                   |
1665:CMSIS/Include/../include/core_cm4.h ****                 ((uint32_t)0x5FAUL << SCB_AIRCR_VECTKEY_Pos) |
1666:CMSIS/Include/../include/core_cm4.h ****                 (PriorityGroupTmp << SCB_AIRCR_PRIGROUP_Pos)  );              /* Insert write key a
1667:CMSIS/Include/../include/core_cm4.h ****   SCB->AIRCR =  reg_value;
1668:CMSIS/Include/../include/core_cm4.h **** }
1669:CMSIS/Include/../include/core_cm4.h **** 
1670:CMSIS/Include/../include/core_cm4.h **** 
1671:CMSIS/Include/../include/core_cm4.h **** /**
1672:CMSIS/Include/../include/core_cm4.h ****   \brief   Get Priority Grouping
1673:CMSIS/Include/../include/core_cm4.h ****   \details Reads the priority grouping field from the NVIC Interrupt Controller.
1674:CMSIS/Include/../include/core_cm4.h ****   \return                Priority grouping field (SCB->AIRCR [10:8] PRIGROUP field).
1675:CMSIS/Include/../include/core_cm4.h ****  */
1676:CMSIS/Include/../include/core_cm4.h **** __STATIC_INLINE uint32_t __NVIC_GetPriorityGrouping(void)
1677:CMSIS/Include/../include/core_cm4.h **** {
1678:CMSIS/Include/../include/core_cm4.h ****   return ((uint32_t)((SCB->AIRCR & SCB_AIRCR_PRIGROUP_Msk) >> SCB_AIRCR_PRIGROUP_Pos));
1679:CMSIS/Include/../include/core_cm4.h **** }
1680:CMSIS/Include/../include/core_cm4.h **** 
1681:CMSIS/Include/../include/core_cm4.h **** 
1682:CMSIS/Include/../include/core_cm4.h **** /**
1683:CMSIS/Include/../include/core_cm4.h ****   \brief   Enable Interrupt
1684:CMSIS/Include/../include/core_cm4.h ****   \details Enables a device specific interrupt in the NVIC interrupt controller.
1685:CMSIS/Include/../include/core_cm4.h ****   \param [in]      IRQn  Device specific interrupt number.
1686:CMSIS/Include/../include/core_cm4.h ****   \note    IRQn must not be negative.
1687:CMSIS/Include/../include/core_cm4.h ****  */
1688:CMSIS/Include/../include/core_cm4.h **** __STATIC_INLINE void __NVIC_EnableIRQ(IRQn_Type IRQn)
 561              		.loc 2 1688 22 view .LVU99
 562              	.LBB7:
1689:CMSIS/Include/../include/core_cm4.h **** {
1690:CMSIS/Include/../include/core_cm4.h ****   if ((int32_t)(IRQn) >= 0)
 563              		.loc 2 1690 3 view .LVU100
1691:CMSIS/Include/../include/core_cm4.h ****   {
1692:CMSIS/Include/../include/core_cm4.h ****     NVIC->ISER[(((uint32_t)IRQn) >> 5UL)] = (uint32_t)(1UL << (((uint32_t)IRQn) & 0x1FUL));
 564              		.loc 2 1692 5 view .LVU101
 565              		.loc 2 1692 43 is_stmt 0 view .LVU102
 566 003c 044B     		ldr	r3, .L51+8
ARM GAS  C:\Users\VICTUS\AppData\Local\Temp\ccpxTj10.s 			page 43


 567 003e 4FF48072 		mov	r2, #256
 568 0042 1A60     		str	r2, [r3]
 569              	.LVL13:
 570              		.loc 2 1692 43 view .LVU103
 571              	.LBE7:
 572              	.LBE6:
 149:Core/Src/init_LB2_hw.c **** }
 573              		.loc 1 149 1 view .LVU104
 574 0044 7047     		bx	lr
 575              	.L52:
 576 0046 00BF     		.align	2
 577              	.L51:
 578 0048 00380240 		.word	1073887232
 579 004c 003C0140 		.word	1073822720
 580 0050 00E100E0 		.word	-536813312
 581              		.cfi_endproc
 582              	.LFE138:
 584              		.section	.text.SysTick_Init_1ms,"ax",%progbits
 585              		.align	1
 586              		.global	SysTick_Init_1ms
 587              		.syntax unified
 588              		.thumb
 589              		.thumb_func
 591              	SysTick_Init_1ms:
 592              	.LFB139:
 150:Core/Src/init_LB2_hw.c **** 
 151:Core/Src/init_LB2_hw.c **** void SysTick_Init_1ms(void)
 152:Core/Src/init_LB2_hw.c **** {
 593              		.loc 1 152 1 is_stmt 1 view -0
 594              		.cfi_startproc
 595              		@ args = 0, pretend = 0, frame = 0
 596              		@ frame_needed = 0, uses_anonymous_args = 0
 597 0000 08B5     		push	{r3, lr}
 598              	.LCFI2:
 599              		.cfi_def_cfa_offset 8
 600              		.cfi_offset 3, -8
 601              		.cfi_offset 14, -4
 153:Core/Src/init_LB2_hw.c ****     SystemCoreClockUpdate();
 602              		.loc 1 153 5 view .LVU106
 603 0002 FFF7FEFF 		bl	SystemCoreClockUpdate
 604              	.LVL14:
 154:Core/Src/init_LB2_hw.c **** 
 155:Core/Src/init_LB2_hw.c ****     SysTick->LOAD = SystemCoreClock / 1000 - 1;
 605              		.loc 1 155 5 view .LVU107
 606              		.loc 1 155 37 is_stmt 0 view .LVU108
 607 0006 074B     		ldr	r3, .L55
 608 0008 1B68     		ldr	r3, [r3]
 609 000a 074A     		ldr	r2, .L55+4
 610 000c A2FB0323 		umull	r2, r3, r2, r3
 611 0010 9B09     		lsrs	r3, r3, #6
 612              		.loc 1 155 44 view .LVU109
 613 0012 013B     		subs	r3, r3, #1
 614              		.loc 1 155 19 view .LVU110
 615 0014 4FF0E022 		mov	r2, #-536813568
 616 0018 5361     		str	r3, [r2, #20]
 156:Core/Src/init_LB2_hw.c ****     SysTick->VAL  = 0;
 617              		.loc 1 156 5 is_stmt 1 view .LVU111
ARM GAS  C:\Users\VICTUS\AppData\Local\Temp\ccpxTj10.s 			page 44


 618              		.loc 1 156 19 is_stmt 0 view .LVU112
 619 001a 0023     		movs	r3, #0
 620 001c 9361     		str	r3, [r2, #24]
 157:Core/Src/init_LB2_hw.c ****     SysTick->CTRL = SysTick_CTRL_CLKSOURCE_Msk |
 621              		.loc 1 157 5 is_stmt 1 view .LVU113
 622              		.loc 1 157 19 is_stmt 0 view .LVU114
 623 001e 0723     		movs	r3, #7
 624 0020 1361     		str	r3, [r2, #16]
 158:Core/Src/init_LB2_hw.c ****                     SysTick_CTRL_TICKINT_Msk   |
 159:Core/Src/init_LB2_hw.c ****                     SysTick_CTRL_ENABLE_Msk;
 160:Core/Src/init_LB2_hw.c **** }
 625              		.loc 1 160 1 view .LVU115
 626 0022 08BD     		pop	{r3, pc}
 627              	.L56:
 628              		.align	2
 629              	.L55:
 630 0024 00000000 		.word	SystemCoreClock
 631 0028 D34D6210 		.word	274877907
 632              		.cfi_endproc
 633              	.LFE139:
 635              		.section	.text.Button_Process,"ax",%progbits
 636              		.align	1
 637              		.global	Button_Process
 638              		.syntax unified
 639              		.thumb
 640              		.thumb_func
 642              	Button_Process:
 643              	.LFB140:
 161:Core/Src/init_LB2_hw.c **** 
 162:Core/Src/init_LB2_hw.c **** /* ===================== ЛОГИКА ===================== */
 163:Core/Src/init_LB2_hw.c **** 
 164:Core/Src/init_LB2_hw.c **** void Button_Process(void)
 165:Core/Src/init_LB2_hw.c **** {
 644              		.loc 1 165 1 is_stmt 1 view -0
 645              		.cfi_startproc
 646              		@ args = 0, pretend = 0, frame = 0
 647              		@ frame_needed = 0, uses_anonymous_args = 0
 648 0000 08B5     		push	{r3, lr}
 649              	.LCFI3:
 650              		.cfi_def_cfa_offset 8
 651              		.cfi_offset 3, -8
 652              		.cfi_offset 14, -4
 166:Core/Src/init_LB2_hw.c ****     uint32_t now = g_ms;
 653              		.loc 1 166 5 view .LVU117
 654              		.loc 1 166 14 is_stmt 0 view .LVU118
 655 0002 234B     		ldr	r3, .L64
 656 0004 1A68     		ldr	r2, [r3]
 657              	.LVL15:
 167:Core/Src/init_LB2_hw.c **** 
 168:Core/Src/init_LB2_hw.c ****     if (g_btn_press_event)
 658              		.loc 1 168 5 is_stmt 1 view .LVU119
 659              		.loc 1 168 9 is_stmt 0 view .LVU120
 660 0006 234B     		ldr	r3, .L64+4
 661 0008 1B78     		ldrb	r3, [r3]	@ zero_extendqisi2
 662              		.loc 1 168 8 view .LVU121
 663 000a 3BB1     		cbz	r3, .L58
 169:Core/Src/init_LB2_hw.c ****     {
ARM GAS  C:\Users\VICTUS\AppData\Local\Temp\ccpxTj10.s 			page 45


 170:Core/Src/init_LB2_hw.c ****         g_btn_press_event = 0;
 664              		.loc 1 170 9 is_stmt 1 view .LVU122
 665              		.loc 1 170 27 is_stmt 0 view .LVU123
 666 000c 214B     		ldr	r3, .L64+4
 667 000e 0021     		movs	r1, #0
 668 0010 1970     		strb	r1, [r3]
 171:Core/Src/init_LB2_hw.c ****         g_btn_is_pressed = 1;
 669              		.loc 1 171 9 is_stmt 1 view .LVU124
 670              		.loc 1 171 26 is_stmt 0 view .LVU125
 671 0012 214B     		ldr	r3, .L64+8
 672 0014 0121     		movs	r1, #1
 673 0016 1970     		strb	r1, [r3]
 172:Core/Src/init_LB2_hw.c ****         g_btn_press_start_ms = now;
 674              		.loc 1 172 9 is_stmt 1 view .LVU126
 675              		.loc 1 172 30 is_stmt 0 view .LVU127
 676 0018 204B     		ldr	r3, .L64+12
 677 001a 1A60     		str	r2, [r3]
 678              	.L58:
 173:Core/Src/init_LB2_hw.c ****     }
 174:Core/Src/init_LB2_hw.c **** 
 175:Core/Src/init_LB2_hw.c ****     if (g_btn_release_event)
 679              		.loc 1 175 5 is_stmt 1 view .LVU128
 680              		.loc 1 175 9 is_stmt 0 view .LVU129
 681 001c 204B     		ldr	r3, .L64+16
 682 001e 1B78     		ldrb	r3, [r3]	@ zero_extendqisi2
 683              		.loc 1 175 8 view .LVU130
 684 0020 002B     		cmp	r3, #0
 685 0022 34D0     		beq	.L57
 686              	.LBB8:
 176:Core/Src/init_LB2_hw.c ****     {
 177:Core/Src/init_LB2_hw.c ****         g_btn_release_event = 0;
 687              		.loc 1 177 9 is_stmt 1 view .LVU131
 688              		.loc 1 177 29 is_stmt 0 view .LVU132
 689 0024 0023     		movs	r3, #0
 690 0026 1E49     		ldr	r1, .L64+16
 691 0028 0B70     		strb	r3, [r1]
 178:Core/Src/init_LB2_hw.c ****         g_btn_is_pressed = 0;
 692              		.loc 1 178 9 is_stmt 1 view .LVU133
 693              		.loc 1 178 26 is_stmt 0 view .LVU134
 694 002a 1B49     		ldr	r1, .L64+8
 695 002c 0B70     		strb	r3, [r1]
 179:Core/Src/init_LB2_hw.c **** 
 180:Core/Src/init_LB2_hw.c ****         uint32_t dt = now - g_btn_press_start_ms;
 696              		.loc 1 180 9 is_stmt 1 view .LVU135
 697              		.loc 1 180 27 is_stmt 0 view .LVU136
 698 002e 1B4B     		ldr	r3, .L64+12
 699 0030 1B68     		ldr	r3, [r3]
 700              		.loc 1 180 18 view .LVU137
 701 0032 D31A     		subs	r3, r2, r3
 702              	.LVL16:
 181:Core/Src/init_LB2_hw.c **** 
 182:Core/Src/init_LB2_hw.c ****         if (dt < PRESS_2S_MS)
 703              		.loc 1 182 9 is_stmt 1 view .LVU138
 704              		.loc 1 182 12 is_stmt 0 view .LVU139
 705 0034 B3F5FA6F 		cmp	r3, #2000
 706 0038 17D3     		bcc	.L63
 183:Core/Src/init_LB2_hw.c ****         {
ARM GAS  C:\Users\VICTUS\AppData\Local\Temp\ccpxTj10.s 			page 46


 184:Core/Src/init_LB2_hw.c ****             mcu_action_short_count++;
 185:Core/Src/init_LB2_hw.c ****             LED_Next();
 186:Core/Src/init_LB2_hw.c ****         }
 187:Core/Src/init_LB2_hw.c ****         else if (dt < PRESS_4S_MS && blinkModeEnabled)
 707              		.loc 1 187 14 is_stmt 1 view .LVU140
 708              		.loc 1 187 17 is_stmt 0 view .LVU141
 709 003a B3F57A6F 		cmp	r3, #4000
 710 003e 1BD2     		bcs	.L61
 711              		.loc 1 187 35 discriminator 1 view .LVU142
 712 0040 184B     		ldr	r3, .L64+20
 713              	.LVL17:
 714              		.loc 1 187 35 discriminator 1 view .LVU143
 715 0042 1B78     		ldrb	r3, [r3]	@ zero_extendqisi2
 716 0044 C3B1     		cbz	r3, .L61
 188:Core/Src/init_LB2_hw.c ****         {
 189:Core/Src/init_LB2_hw.c ****             mcu_action_2s_count++;
 717              		.loc 1 189 13 is_stmt 1 view .LVU144
 718              		.loc 1 189 32 is_stmt 0 view .LVU145
 719 0046 1849     		ldr	r1, .L64+24
 720 0048 0B68     		ldr	r3, [r1]
 721 004a 0133     		adds	r3, r3, #1
 722 004c 0B60     		str	r3, [r1]
 190:Core/Src/init_LB2_hw.c ****             blinkFreqIndex = (blinkFreqIndex + 1) % 3;
 723              		.loc 1 190 13 is_stmt 1 view .LVU146
 724              		.loc 1 190 46 is_stmt 0 view .LVU147
 725 004e 1748     		ldr	r0, .L64+28
 726 0050 0178     		ldrb	r1, [r0]	@ zero_extendqisi2
 727 0052 0131     		adds	r1, r1, #1
 728              		.loc 1 190 51 view .LVU148
 729 0054 164B     		ldr	r3, .L64+32
 730 0056 83FB01C3 		smull	ip, r3, r3, r1
 731 005a 03EB4303 		add	r3, r3, r3, lsl #1
 732 005e CB1A     		subs	r3, r1, r3
 733              		.loc 1 190 28 view .LVU149
 734 0060 DBB2     		uxtb	r3, r3
 735 0062 0370     		strb	r3, [r0]
 191:Core/Src/init_LB2_hw.c ****             lastBlinkTime_ms = now;
 736              		.loc 1 191 13 is_stmt 1 view .LVU150
 737              		.loc 1 191 30 is_stmt 0 view .LVU151
 738 0064 134B     		ldr	r3, .L64+36
 739 0066 1A60     		str	r2, [r3]
 740 0068 11E0     		b	.L57
 741              	.LVL18:
 742              	.L63:
 184:Core/Src/init_LB2_hw.c ****             LED_Next();
 743              		.loc 1 184 13 is_stmt 1 view .LVU152
 184:Core/Src/init_LB2_hw.c ****             LED_Next();
 744              		.loc 1 184 35 is_stmt 0 view .LVU153
 745 006a 134A     		ldr	r2, .L64+40
 746              	.LVL19:
 184:Core/Src/init_LB2_hw.c ****             LED_Next();
 747              		.loc 1 184 35 view .LVU154
 748 006c 1368     		ldr	r3, [r2]
 749              	.LVL20:
 184:Core/Src/init_LB2_hw.c ****             LED_Next();
 750              		.loc 1 184 35 view .LVU155
 751 006e 0133     		adds	r3, r3, #1
ARM GAS  C:\Users\VICTUS\AppData\Local\Temp\ccpxTj10.s 			page 47


 752 0070 1360     		str	r3, [r2]
 185:Core/Src/init_LB2_hw.c ****         }
 753              		.loc 1 185 13 is_stmt 1 view .LVU156
 754 0072 FFF7FEFF 		bl	LED_Next
 755              	.LVL21:
 756 0076 0AE0     		b	.L57
 757              	.LVL22:
 758              	.L61:
 192:Core/Src/init_LB2_hw.c ****         }
 193:Core/Src/init_LB2_hw.c ****         else
 194:Core/Src/init_LB2_hw.c ****         {
 195:Core/Src/init_LB2_hw.c ****             mcu_action_4s_count++;
 759              		.loc 1 195 13 view .LVU157
 760              		.loc 1 195 32 is_stmt 0 view .LVU158
 761 0078 1049     		ldr	r1, .L64+44
 762 007a 0B68     		ldr	r3, [r1]
 763 007c 0133     		adds	r3, r3, #1
 764 007e 0B60     		str	r3, [r1]
 196:Core/Src/init_LB2_hw.c ****             blinkModeEnabled ^= 1;
 765              		.loc 1 196 13 is_stmt 1 view .LVU159
 766              		.loc 1 196 30 is_stmt 0 view .LVU160
 767 0080 0849     		ldr	r1, .L64+20
 768 0082 0B78     		ldrb	r3, [r1]	@ zero_extendqisi2
 769 0084 83F00103 		eor	r3, r3, #1
 770 0088 0B70     		strb	r3, [r1]
 197:Core/Src/init_LB2_hw.c ****             lastBlinkTime_ms = now;
 771              		.loc 1 197 13 is_stmt 1 view .LVU161
 772              		.loc 1 197 30 is_stmt 0 view .LVU162
 773 008a 0A4B     		ldr	r3, .L64+36
 774 008c 1A60     		str	r2, [r3]
 775              	.LVL23:
 776              	.L57:
 777              		.loc 1 197 30 view .LVU163
 778              	.LBE8:
 198:Core/Src/init_LB2_hw.c ****         }
 199:Core/Src/init_LB2_hw.c ****     }
 200:Core/Src/init_LB2_hw.c **** }
 779              		.loc 1 200 1 view .LVU164
 780 008e 08BD     		pop	{r3, pc}
 781              	.L65:
 782              		.align	2
 783              	.L64:
 784 0090 00000000 		.word	g_ms
 785 0094 00000000 		.word	g_btn_press_event
 786 0098 00000000 		.word	g_btn_is_pressed
 787 009c 00000000 		.word	g_btn_press_start_ms
 788 00a0 00000000 		.word	g_btn_release_event
 789 00a4 00000000 		.word	blinkModeEnabled
 790 00a8 00000000 		.word	mcu_action_2s_count
 791 00ac 00000000 		.word	blinkFreqIndex
 792 00b0 56555555 		.word	1431655766
 793 00b4 00000000 		.word	lastBlinkTime_ms
 794 00b8 00000000 		.word	mcu_action_short_count
 795 00bc 00000000 		.word	mcu_action_4s_count
 796              		.cfi_endproc
 797              	.LFE140:
 799              		.section	.text.Blink_Process,"ax",%progbits
ARM GAS  C:\Users\VICTUS\AppData\Local\Temp\ccpxTj10.s 			page 48


 800              		.align	1
 801              		.global	Blink_Process
 802              		.syntax unified
 803              		.thumb
 804              		.thumb_func
 806              	Blink_Process:
 807              	.LFB141:
 201:Core/Src/init_LB2_hw.c **** 
 202:Core/Src/init_LB2_hw.c **** void Blink_Process(void)
 203:Core/Src/init_LB2_hw.c **** {
 808              		.loc 1 203 1 is_stmt 1 view -0
 809              		.cfi_startproc
 810              		@ args = 0, pretend = 0, frame = 0
 811              		@ frame_needed = 0, uses_anonymous_args = 0
 812 0000 08B5     		push	{r3, lr}
 813              	.LCFI4:
 814              		.cfi_def_cfa_offset 8
 815              		.cfi_offset 3, -8
 816              		.cfi_offset 14, -4
 204:Core/Src/init_LB2_hw.c ****     if (!blinkModeEnabled || currentLed < 0)
 817              		.loc 1 204 5 view .LVU166
 818              		.loc 1 204 9 is_stmt 0 view .LVU167
 819 0002 134B     		ldr	r3, .L70
 820 0004 1B78     		ldrb	r3, [r3]	@ zero_extendqisi2
 821              		.loc 1 204 8 view .LVU168
 822 0006 E3B1     		cbz	r3, .L66
 823              		.loc 1 204 41 discriminator 1 view .LVU169
 824 0008 124B     		ldr	r3, .L70+4
 825 000a 1B68     		ldr	r3, [r3]
 826              		.loc 1 204 27 discriminator 1 view .LVU170
 827 000c 002B     		cmp	r3, #0
 828 000e 18DB     		blt	.L66
 205:Core/Src/init_LB2_hw.c ****         return;
 206:Core/Src/init_LB2_hw.c **** 
 207:Core/Src/init_LB2_hw.c ****     uint32_t now = g_ms;
 829              		.loc 1 207 5 is_stmt 1 view .LVU171
 830              		.loc 1 207 14 is_stmt 0 view .LVU172
 831 0010 114B     		ldr	r3, .L70+8
 832 0012 1A68     		ldr	r2, [r3]
 833              	.LVL24:
 208:Core/Src/init_LB2_hw.c ****     uint32_t period = g_blinkHalfPeriods[blinkFreqIndex];
 834              		.loc 1 208 5 is_stmt 1 view .LVU173
 835              		.loc 1 208 41 is_stmt 0 view .LVU174
 836 0014 114B     		ldr	r3, .L70+12
 837 0016 1978     		ldrb	r1, [r3]	@ zero_extendqisi2
 838              		.loc 1 208 14 view .LVU175
 839 0018 114B     		ldr	r3, .L70+16
 840 001a 53F82110 		ldr	r1, [r3, r1, lsl #2]
 841              	.LVL25:
 209:Core/Src/init_LB2_hw.c **** 
 210:Core/Src/init_LB2_hw.c ****     if ((now - lastBlinkTime_ms) >= period)
 842              		.loc 1 210 5 is_stmt 1 view .LVU176
 843              		.loc 1 210 14 is_stmt 0 view .LVU177
 844 001e 114B     		ldr	r3, .L70+20
 845 0020 1B68     		ldr	r3, [r3]
 846 0022 D31A     		subs	r3, r2, r3
 847              		.loc 1 210 8 view .LVU178
ARM GAS  C:\Users\VICTUS\AppData\Local\Temp\ccpxTj10.s 			page 49


 848 0024 8B42     		cmp	r3, r1
 849 0026 0CD3     		bcc	.L66
 211:Core/Src/init_LB2_hw.c ****     {
 212:Core/Src/init_LB2_hw.c ****         lastBlinkTime_ms = now;
 850              		.loc 1 212 9 is_stmt 1 view .LVU179
 851              		.loc 1 212 26 is_stmt 0 view .LVU180
 852 0028 0E4B     		ldr	r3, .L70+20
 853 002a 1A60     		str	r2, [r3]
 213:Core/Src/init_LB2_hw.c ****         blinkLedIsOn ^= 1;
 854              		.loc 1 213 9 is_stmt 1 view .LVU181
 855              		.loc 1 213 22 is_stmt 0 view .LVU182
 856 002c 0E4B     		ldr	r3, .L70+24
 857 002e 1A78     		ldrb	r2, [r3]	@ zero_extendqisi2
 858              	.LVL26:
 859              		.loc 1 213 22 view .LVU183
 860 0030 82F00102 		eor	r2, r2, #1
 861 0034 1A70     		strb	r2, [r3]
 862              	.LVL27:
 214:Core/Src/init_LB2_hw.c **** 
 215:Core/Src/init_LB2_hw.c ****         if (blinkLedIsOn)
 863              		.loc 1 215 9 is_stmt 1 view .LVU184
 864              		.loc 1 215 13 is_stmt 0 view .LVU185
 865 0036 1B78     		ldrb	r3, [r3]	@ zero_extendqisi2
 866              		.loc 1 215 12 view .LVU186
 867 0038 23B1     		cbz	r3, .L68
 216:Core/Src/init_LB2_hw.c ****             LED_On_Index(currentLed);
 868              		.loc 1 216 13 is_stmt 1 view .LVU187
 869 003a 064B     		ldr	r3, .L70+4
 870 003c 1868     		ldr	r0, [r3]
 871 003e FFF7FEFF 		bl	LED_On_Index
 872              	.LVL28:
 873              	.L66:
 217:Core/Src/init_LB2_hw.c ****         else
 218:Core/Src/init_LB2_hw.c ****             LED_Off_Index(currentLed);
 219:Core/Src/init_LB2_hw.c ****     }
 220:Core/Src/init_LB2_hw.c **** }
 874              		.loc 1 220 1 is_stmt 0 view .LVU188
 875 0042 08BD     		pop	{r3, pc}
 876              	.LVL29:
 877              	.L68:
 218:Core/Src/init_LB2_hw.c ****     }
 878              		.loc 1 218 13 is_stmt 1 view .LVU189
 879 0044 034B     		ldr	r3, .L70+4
 880 0046 1868     		ldr	r0, [r3]
 881 0048 FFF7FEFF 		bl	LED_Off_Index
 882              	.LVL30:
 218:Core/Src/init_LB2_hw.c ****     }
 883              		.loc 1 218 13 is_stmt 0 view .LVU190
 884 004c F9E7     		b	.L66
 885              	.L71:
 886 004e 00BF     		.align	2
 887              	.L70:
 888 0050 00000000 		.word	blinkModeEnabled
 889 0054 00000000 		.word	currentLed
 890 0058 00000000 		.word	g_ms
 891 005c 00000000 		.word	blinkFreqIndex
 892 0060 00000000 		.word	g_blinkHalfPeriods
ARM GAS  C:\Users\VICTUS\AppData\Local\Temp\ccpxTj10.s 			page 50


 893 0064 00000000 		.word	lastBlinkTime_ms
 894 0068 00000000 		.word	blinkLedIsOn
 895              		.cfi_endproc
 896              	.LFE141:
 898              		.global	lastBlinkTime_ms
 899              		.section	.bss.lastBlinkTime_ms,"aw",%nobits
 900              		.align	2
 903              	lastBlinkTime_ms:
 904 0000 00000000 		.space	4
 905              		.global	blinkLedIsOn
 906              		.section	.bss.blinkLedIsOn,"aw",%nobits
 909              	blinkLedIsOn:
 910 0000 00       		.space	1
 911              		.global	blinkFreqIndex
 912              		.section	.bss.blinkFreqIndex,"aw",%nobits
 915              	blinkFreqIndex:
 916 0000 00       		.space	1
 917              		.global	blinkModeEnabled
 918              		.section	.data.blinkModeEnabled,"aw"
 921              	blinkModeEnabled:
 922 0000 01       		.byte	1
 923              		.global	currentLed
 924              		.section	.data.currentLed,"aw"
 925              		.align	2
 928              	currentLed:
 929 0000 FFFFFFFF 		.word	-1
 930              		.global	mcu_action_4s_count
 931              		.section	.bss.mcu_action_4s_count,"aw",%nobits
 932              		.align	2
 935              	mcu_action_4s_count:
 936 0000 00000000 		.space	4
 937              		.global	mcu_action_2s_count
 938              		.section	.bss.mcu_action_2s_count,"aw",%nobits
 939              		.align	2
 942              	mcu_action_2s_count:
 943 0000 00000000 		.space	4
 944              		.global	mcu_action_short_count
 945              		.section	.bss.mcu_action_short_count,"aw",%nobits
 946              		.align	2
 949              	mcu_action_short_count:
 950 0000 00000000 		.space	4
 951              		.global	mcu_btn_press_count
 952              		.section	.bss.mcu_btn_press_count,"aw",%nobits
 953              		.align	2
 956              	mcu_btn_press_count:
 957 0000 00000000 		.space	4
 958              		.global	g_btn_press_start_ms
 959              		.section	.bss.g_btn_press_start_ms,"aw",%nobits
 960              		.align	2
 963              	g_btn_press_start_ms:
 964 0000 00000000 		.space	4
 965              		.global	g_btn_is_pressed
 966              		.section	.bss.g_btn_is_pressed,"aw",%nobits
 969              	g_btn_is_pressed:
 970 0000 00       		.space	1
 971              		.global	g_btn_release_event
 972              		.section	.bss.g_btn_release_event,"aw",%nobits
ARM GAS  C:\Users\VICTUS\AppData\Local\Temp\ccpxTj10.s 			page 51


 975              	g_btn_release_event:
 976 0000 00       		.space	1
 977              		.global	g_btn_press_event
 978              		.section	.bss.g_btn_press_event,"aw",%nobits
 981              	g_btn_press_event:
 982 0000 00       		.space	1
 983              		.global	g_btn_last_irq_ms
 984              		.section	.bss.g_btn_last_irq_ms,"aw",%nobits
 985              		.align	2
 988              	g_btn_last_irq_ms:
 989 0000 00000000 		.space	4
 990              		.global	g_ms
 991              		.section	.bss.g_ms,"aw",%nobits
 992              		.align	2
 995              	g_ms:
 996 0000 00000000 		.space	4
 997              		.section	.rodata.g_blinkHalfPeriods,"a"
 998              		.align	2
 1001              	g_blinkHalfPeriods:
 1002 0000 83060000 		.word	1667
 1003 0004 4D010000 		.word	333
 1004 0008 E3000000 		.word	227
 1005              		.text
 1006              	.Letext0:
 1007              		.file 3 "CMSIS/Devices/STM32F4xx/Inc/STM32F429ZI/stm32f429xx.h"
 1008              		.file 4 "D:/Tools/xpack-arm-none-eabi-gcc-13.2.1-1.1/arm-none-eabi/include/machine/_default_types.
 1009              		.file 5 "D:/Tools/xpack-arm-none-eabi-gcc-13.2.1-1.1/arm-none-eabi/include/sys/_stdint.h"
 1010              		.file 6 "CMSIS/Devices/STM32F4xx/Inc/system_stm32f4xx.h"
 1011              		.file 7 "Core/Inc/init_LB2_hw.h"
ARM GAS  C:\Users\VICTUS\AppData\Local\Temp\ccpxTj10.s 			page 52


DEFINED SYMBOLS
                            *ABS*:00000000 init_LB2_hw.c
C:\Users\VICTUS\AppData\Local\Temp\ccpxTj10.s:21     .text.SysTick_Handler:00000000 $t
C:\Users\VICTUS\AppData\Local\Temp\ccpxTj10.s:27     .text.SysTick_Handler:00000000 SysTick_Handler
C:\Users\VICTUS\AppData\Local\Temp\ccpxTj10.s:45     .text.SysTick_Handler:0000000c $d
C:\Users\VICTUS\AppData\Local\Temp\ccpxTj10.s:995    .bss.g_ms:00000000 g_ms
C:\Users\VICTUS\AppData\Local\Temp\ccpxTj10.s:50     .text.EXTI2_IRQHandler:00000000 $t
C:\Users\VICTUS\AppData\Local\Temp\ccpxTj10.s:56     .text.EXTI2_IRQHandler:00000000 EXTI2_IRQHandler
C:\Users\VICTUS\AppData\Local\Temp\ccpxTj10.s:137    .text.EXTI2_IRQHandler:00000048 $d
C:\Users\VICTUS\AppData\Local\Temp\ccpxTj10.s:988    .bss.g_btn_last_irq_ms:00000000 g_btn_last_irq_ms
C:\Users\VICTUS\AppData\Local\Temp\ccpxTj10.s:981    .bss.g_btn_press_event:00000000 g_btn_press_event
C:\Users\VICTUS\AppData\Local\Temp\ccpxTj10.s:956    .bss.mcu_btn_press_count:00000000 mcu_btn_press_count
C:\Users\VICTUS\AppData\Local\Temp\ccpxTj10.s:975    .bss.g_btn_release_event:00000000 g_btn_release_event
C:\Users\VICTUS\AppData\Local\Temp\ccpxTj10.s:149    .text.LED_On_Index:00000000 $t
C:\Users\VICTUS\AppData\Local\Temp\ccpxTj10.s:155    .text.LED_On_Index:00000000 LED_On_Index
C:\Users\VICTUS\AppData\Local\Temp\ccpxTj10.s:168    .text.LED_On_Index:00000008 $d
C:\Users\VICTUS\AppData\Local\Temp\ccpxTj10.s:174    .text.LED_On_Index:0000000e $t
C:\Users\VICTUS\AppData\Local\Temp\ccpxTj10.s:228    .text.LED_On_Index:00000058 $d
C:\Users\VICTUS\AppData\Local\Temp\ccpxTj10.s:234    .text.LED_Off_Index:00000000 $t
C:\Users\VICTUS\AppData\Local\Temp\ccpxTj10.s:240    .text.LED_Off_Index:00000000 LED_Off_Index
C:\Users\VICTUS\AppData\Local\Temp\ccpxTj10.s:253    .text.LED_Off_Index:00000008 $d
C:\Users\VICTUS\AppData\Local\Temp\ccpxTj10.s:259    .text.LED_Off_Index:0000000e $t
C:\Users\VICTUS\AppData\Local\Temp\ccpxTj10.s:313    .text.LED_Off_Index:00000058 $d
C:\Users\VICTUS\AppData\Local\Temp\ccpxTj10.s:319    .text.LED_AllOff:00000000 $t
C:\Users\VICTUS\AppData\Local\Temp\ccpxTj10.s:325    .text.LED_AllOff:00000000 LED_AllOff
C:\Users\VICTUS\AppData\Local\Temp\ccpxTj10.s:347    .text.LED_AllOff:00000018 $d
C:\Users\VICTUS\AppData\Local\Temp\ccpxTj10.s:352    .text.LED_Next:00000000 $t
C:\Users\VICTUS\AppData\Local\Temp\ccpxTj10.s:358    .text.LED_Next:00000000 LED_Next
C:\Users\VICTUS\AppData\Local\Temp\ccpxTj10.s:418    .text.LED_Next:00000044 $d
C:\Users\VICTUS\AppData\Local\Temp\ccpxTj10.s:928    .data.currentLed:00000000 currentLed
C:\Users\VICTUS\AppData\Local\Temp\ccpxTj10.s:909    .bss.blinkLedIsOn:00000000 blinkLedIsOn
C:\Users\VICTUS\AppData\Local\Temp\ccpxTj10.s:903    .bss.lastBlinkTime_ms:00000000 lastBlinkTime_ms
C:\Users\VICTUS\AppData\Local\Temp\ccpxTj10.s:427    .text.GPIO_Init_LEDs:00000000 $t
C:\Users\VICTUS\AppData\Local\Temp\ccpxTj10.s:433    .text.GPIO_Init_LEDs:00000000 GPIO_Init_LEDs
C:\Users\VICTUS\AppData\Local\Temp\ccpxTj10.s:468    .text.GPIO_Init_LEDs:00000030 $d
C:\Users\VICTUS\AppData\Local\Temp\ccpxTj10.s:473    .text.GPIO_Init_Button_PD2_Pulldown:00000000 $t
C:\Users\VICTUS\AppData\Local\Temp\ccpxTj10.s:479    .text.GPIO_Init_Button_PD2_Pulldown:00000000 GPIO_Init_Button_PD2_Pulldown
C:\Users\VICTUS\AppData\Local\Temp\ccpxTj10.s:509    .text.GPIO_Init_Button_PD2_Pulldown:00000028 $d
C:\Users\VICTUS\AppData\Local\Temp\ccpxTj10.s:515    .text.EXTI_Init_PD2:00000000 $t
C:\Users\VICTUS\AppData\Local\Temp\ccpxTj10.s:521    .text.EXTI_Init_PD2:00000000 EXTI_Init_PD2
C:\Users\VICTUS\AppData\Local\Temp\ccpxTj10.s:578    .text.EXTI_Init_PD2:00000048 $d
C:\Users\VICTUS\AppData\Local\Temp\ccpxTj10.s:585    .text.SysTick_Init_1ms:00000000 $t
C:\Users\VICTUS\AppData\Local\Temp\ccpxTj10.s:591    .text.SysTick_Init_1ms:00000000 SysTick_Init_1ms
C:\Users\VICTUS\AppData\Local\Temp\ccpxTj10.s:630    .text.SysTick_Init_1ms:00000024 $d
C:\Users\VICTUS\AppData\Local\Temp\ccpxTj10.s:636    .text.Button_Process:00000000 $t
C:\Users\VICTUS\AppData\Local\Temp\ccpxTj10.s:642    .text.Button_Process:00000000 Button_Process
C:\Users\VICTUS\AppData\Local\Temp\ccpxTj10.s:784    .text.Button_Process:00000090 $d
C:\Users\VICTUS\AppData\Local\Temp\ccpxTj10.s:969    .bss.g_btn_is_pressed:00000000 g_btn_is_pressed
C:\Users\VICTUS\AppData\Local\Temp\ccpxTj10.s:963    .bss.g_btn_press_start_ms:00000000 g_btn_press_start_ms
C:\Users\VICTUS\AppData\Local\Temp\ccpxTj10.s:921    .data.blinkModeEnabled:00000000 blinkModeEnabled
C:\Users\VICTUS\AppData\Local\Temp\ccpxTj10.s:942    .bss.mcu_action_2s_count:00000000 mcu_action_2s_count
C:\Users\VICTUS\AppData\Local\Temp\ccpxTj10.s:915    .bss.blinkFreqIndex:00000000 blinkFreqIndex
C:\Users\VICTUS\AppData\Local\Temp\ccpxTj10.s:949    .bss.mcu_action_short_count:00000000 mcu_action_short_count
C:\Users\VICTUS\AppData\Local\Temp\ccpxTj10.s:935    .bss.mcu_action_4s_count:00000000 mcu_action_4s_count
C:\Users\VICTUS\AppData\Local\Temp\ccpxTj10.s:800    .text.Blink_Process:00000000 $t
C:\Users\VICTUS\AppData\Local\Temp\ccpxTj10.s:806    .text.Blink_Process:00000000 Blink_Process
C:\Users\VICTUS\AppData\Local\Temp\ccpxTj10.s:888    .text.Blink_Process:00000050 $d
ARM GAS  C:\Users\VICTUS\AppData\Local\Temp\ccpxTj10.s 			page 53


C:\Users\VICTUS\AppData\Local\Temp\ccpxTj10.s:1001   .rodata.g_blinkHalfPeriods:00000000 g_blinkHalfPeriods
C:\Users\VICTUS\AppData\Local\Temp\ccpxTj10.s:900    .bss.lastBlinkTime_ms:00000000 $d
C:\Users\VICTUS\AppData\Local\Temp\ccpxTj10.s:910    .bss.blinkLedIsOn:00000000 $d
C:\Users\VICTUS\AppData\Local\Temp\ccpxTj10.s:916    .bss.blinkFreqIndex:00000000 $d
C:\Users\VICTUS\AppData\Local\Temp\ccpxTj10.s:925    .data.currentLed:00000000 $d
C:\Users\VICTUS\AppData\Local\Temp\ccpxTj10.s:932    .bss.mcu_action_4s_count:00000000 $d
C:\Users\VICTUS\AppData\Local\Temp\ccpxTj10.s:939    .bss.mcu_action_2s_count:00000000 $d
C:\Users\VICTUS\AppData\Local\Temp\ccpxTj10.s:946    .bss.mcu_action_short_count:00000000 $d
C:\Users\VICTUS\AppData\Local\Temp\ccpxTj10.s:953    .bss.mcu_btn_press_count:00000000 $d
C:\Users\VICTUS\AppData\Local\Temp\ccpxTj10.s:960    .bss.g_btn_press_start_ms:00000000 $d
C:\Users\VICTUS\AppData\Local\Temp\ccpxTj10.s:970    .bss.g_btn_is_pressed:00000000 $d
C:\Users\VICTUS\AppData\Local\Temp\ccpxTj10.s:976    .bss.g_btn_release_event:00000000 $d
C:\Users\VICTUS\AppData\Local\Temp\ccpxTj10.s:982    .bss.g_btn_press_event:00000000 $d
C:\Users\VICTUS\AppData\Local\Temp\ccpxTj10.s:985    .bss.g_btn_last_irq_ms:00000000 $d
C:\Users\VICTUS\AppData\Local\Temp\ccpxTj10.s:992    .bss.g_ms:00000000 $d
C:\Users\VICTUS\AppData\Local\Temp\ccpxTj10.s:998    .rodata.g_blinkHalfPeriods:00000000 $d

UNDEFINED SYMBOLS
SystemCoreClockUpdate
SystemCoreClock
